entity_id,canonical_name,bio_theme,tech_depth_auto,confidence,tech_codes,technology_tags,summary_short,tech_depth_override,notes
tissue_dynamics,Tissue Dynamics,,applied,0.61,organoids;_biorobotics;_ai_for_drug_discovery;_tissue_engineering,ai-data; iot; therapeutics,,,
botanical-solutions,Botanical Solutions,Bioinputs & Crop Resilience,applied,0.526,"[""ag_inputs"", ""biomanufacturing"", ""ai_ml""]",ai-data; bioinputs; biomanufacturing,Chilean plant-biotechnology company developing botanical-origin active ingredients for crop protection and human-health applications. Its platform uses proprietary plant tissue culture to produce cons,,
puna_bio,Puna Bio,Bioinputs & Crop Resilience,applied,0.526,"[""microbial"", ""ai_ml"", ""ag_inputs""]",ai-data; bioinputs,"Puna Bio develops microbial seed-treatment inoculants from extremophile microorganisms isolated from the Argentine Puna. Its R&D platform prospects extreme ecosystems, isolates and characterizes strai",,
krilltech,Krilltech,Bioinputs & Crop Resilience,applied,0.532,"[""nanotech"", ""ag_inputs"", ""ai_ml""]",ai-data; bioinputs,"Krilltech is a Brazilian agtech developing sustainable crop-input technology based on organic nanostructures that act as fertilizer, biofortificant and nutrient carrier to improve plant performance. I",,
biofabrica-siglo-xxi-mx,Biofabrica Siglo XXI,Bioinputs & Crop Resilience,applied,0.532,"[""microbial"", ""ag_inputs"", ""iot""]","microbial consortia, biofertilizers, agrobiotechnology, beneficial microorganisms, crop bioinputs",Mexican agricultural biotechnology company developing microbial-based biofertilizers (AZOFER MICORRIZAFER) for sustainable crop production. Located in Morelos Science Park.,,
solubio,Solubio Tecnologias Agricolas,Bioinputs & Crop Resilience,applied,0.544,"[""microbial"", ""ai_ml"", ""ag_inputs""]",ai-data; bioinputs,"Brazilian ag biologicals platform enabling farmers to produce bioinputs on farm through integrated technology, equipment, quality control, training and technical assistance",,
patagonia-biotechnology-cl,Patagonia Biotechnology,Bioinputs & Crop Resilience,applied,0.55,[],,"Extracts bioactive compounds from Patagonian seaweeds to formulate plant biostimulants that enhance crop yield, improve stress tolerance, and support sustainable agriculture, targeting global growers ",,
clearleaf,ClearLeaf,Bioinputs & Crop Resilience,applied,0.55,"[""ag_inputs""]",bioinputs,Provides sustainable crop protection strategies managing harmful pests without environmental or human health impacts. Develops biological and botanical alternatives to synthetic pesticides for global ,,
ecosativa,Ecosativa,Bioinputs & Crop Resilience,applied,0.55,"[""ag_inputs""]",bioinputs,Uruguayan biotech company researching and developing innovative quality bio-inputs for organic and ecological agriculture. Advances biological alternatives to synthetic agrochemicals for sustainable f,,
inbioar,Inbioar,Bioinputs & Crop Resilience,applied,0.556,"[""ai_ml"", ""ag_inputs""]",ai-data; bioinputs,"Argentine ag-biotech company discovering and developing botanical active ingredients for crop protection and plant stimulation. Its platform combines plant extract libraries, field collection, greenho",,
seedmatriz,SeedMatriz,Bioinputs & Crop Resilience,applied,0.568,"[""ai_ml""]",ai-data,"SeedMatriz is an Argentine seed-technology company developing seed encapsulation and real-time agronomy tools to improve seed uniformity, nutrition, protection and field performance. Its approach inte",,
hapiseeds-br,Hapiseeds,Bioinputs & Crop Resilience,applied,0.568,[],,"HapiSeeds combines bioinformatics gene discovery (HapiFinder), non-transgenic gene editing (HapiGenes), and RNA biomarkers (HapiMarkers) to raise crop productivity. Maize field trials showed 16% grain",,
botanical-solution-inc-cl,Botanical Solution Inc,Bioinputs & Crop Resilience,applied,0.568,"[""microbial"", ""saas_marketplace""]","plant tissue culture, Quillaja saponaria, biofungicide, QS-21 adjuvant, biofactory platform",Cultivates Quillaja saponaria trees via plant tissue culture as biofactories for biofungicide (ABM-01) and vaccine adjuvant (QS-21). Partners: Syngenta Croda Pharma.,,
solena-mx,Solena,Bioinputs & Crop Resilience,applied,0.568,[],,"Uses soil microbiome genomics and AI-powered analytics to prescribe optimized biological crop input combinations, measuring and improving Biological Capital in agricultural soils to raise yields and s",,
arakion,Arakion,Bioinputs & Crop Resilience,applied,0.586,"[""ag_inputs"", ""ai_ml""]",ai-data; bioinputs,Biotech startup that designs new generation insecticides based on arachnid venoms to protect crops with greater biological precision. It clearly enters through ag biologicals and crop resilience.,,
beeflow,Beeflow,Bioinputs & Crop Resilience,applied,0.586,"[""ai_ml"", ""ag_inputs""]",ai-data; bioinputs,"Beeflow combines crop science, bee biology, data analytics and proprietary bee-nutrition technologies to provide professional pollination services that improve fruit yield and quality",,
m4life,M4Life,Bioinputs & Crop Resilience,applied,0.586,"[""iot""]",,Agrobiotech startup that develops a biological enhancer for plant resilience against abiotic stress. Enter the thesis for ag biologicals and crop resilience.,,
soygreen,SoyGREEN,Bioinputs & Crop Resilience,applied,0.586,"[""ag_inputs""]",bioinputs,SoyGREEN is an Argentine agricultural-microbiology startup developing biological solutions to mitigate climate change and transform farming. Its official site describes a UNRC and CONICET-UNRC scienti,,
sylvarum,Sylvarum,Bioinputs & Crop Resilience,applied,0.586,"[""ag_inputs"", ""ai_ml""]",ai-data,"Sylvarum is an Argentine agtech using non-thermal plasma and plant electro-hacking to improve seed quality, germination, vigor, pathogen control and yield without genetic modification or chemical resi",,
vitales-br,Vitales,Bioinputs & Crop Resilience,applied,0.586,[],,"Vitales (Uby Agro subsidiary) develops fungal and microbial biocontrol products for Brazilian soybean farming, targeting Sudden Death Syndrome and target spot. Partners with Ginkgo Bioworks for fermen",,
biotrop-br,Biotrop,Bioinputs & Crop Resilience,applied,0.586,[],,"Biotrop produces Bradyrhizobium-based inoculants enabling biological nitrogen fixation in soybeans, replacing up to 240 kg/ha of synthetic nitrogen fertilizer. Acquired by Belgium Biobest in 2023 for ",,
bioin-br,BIoIn,Bioinputs & Crop Resilience,applied,0.586,"[""ag_inputs"", ""ai_ml""]","Trichogramma biocontrol, biological insecticides, digital pest monitoring, predictive analytics, soy and corn crops","BIoIn combines Trichogramma pretiosum biocontrol cards (Trichocard) with the SaveIn digital pest-monitoring platform to predict and suppress crop pest infestations in soy, corn, and rice. Predictive a",,
agrorganica,Agrorganica,Bioinputs & Crop Resilience,applied,0.586,"[""ag_inputs""]",bioinputs,"Specializes in formulation, manufacturing, and commercialization of organic and biological agricultural inputs. Develops bio-based fertilizers and crop protection products for sustainable Mexican agri",,
rizoflora_biotechnology_acq_by_stoller,Rizoflora Biotechnology (acq. by Stoller)),Bioinputs & Crop Resilience,applied,0.586,"[""ag_inputs""]",bioinputs,Producer of biological products for nematode control in agriculture. Develops microbial biocontrol solutions that protect crops from soil-borne pests without chemical pesticides. Acquired by Stoller.,,
vexxel_biotech,Vexxel Biotech,Bioinputs & Crop Resilience,applied,0.598,"[""ag_inputs""]",bioinputs,Vexxel Biotech develops protein-based encapsulation systems for precision delivery of agricultural biologicals and bioinputs to crops. Its platform uses engineered protein matrices to protect active b,,
werk-nvac,WerkénVac,Bioinputs & Crop Resilience,applied,0.598,[],,"WerkénVac develops biological disease-control inputs for aquaculture, specifically self-amplifying RNA biologicals for immunizing farmed fish against infectious pathogens. The company targets salmon a",,
bug_agentes_biologicos,BUG Agentes Biologicos,Bioinputs & Crop Resilience,applied,0.604,"[""ag_inputs""]",bioinputs,Brazilian biological-control company developing and commercializing parasitoids and macrobiological pest-control products for crops such as sugarcane and soybean,,
decoy,Decoy,Bioinputs & Crop Resilience,applied,0.604,"[""ag_inputs""]",bioinputs,Brazilian ag biologicals startup developing and distributing biological pest-control solutions,,
promip,Promip,Bioinputs & Crop Resilience,applied,0.604,"[""ag_inputs""]",bioinputs,"Promip is a Brazilian technology-based company producing biological products for integrated pest-management programs, including macrobiologicals and microbiologicals from its biofactory. The company i",,
semion,Semion,Bioinputs & Crop Resilience,applied,0.604,[],,Agrobiotech startup that activates natural plant defense mechanisms lost during domestication to improve resilience against pests without genetically modifying crops. Enter the thesis for ag biologica,,
inedita-bio-br,InEdita Bio,Bioinputs & Crop Resilience,applied,0.604,[],,Applies gene editing (CRISPR) to produce crop strains resistant to disease. Developing Asian rust-resistant soybean and pest-resistant maize. Backed by Vesper Ventures.,,
bio-insumos-nativa-cl,Bio Insumos Nativa,Bioinputs & Crop Resilience,applied,0.604,[],,"Develops and produces biopesticides based on Trichoderma, Bacillus thuringiensis, and other microbial strains to replace chemical pesticides in crop protection, serving farmers in Chile and Latin Amer",,
kheiron-biotech-ar,Kheiron Biotech,Bioinputs & Crop Resilience,applied,0.604,[],,Argentine precision breeding and animal cloning biotechnology company. Developing genomic selection and gene editing for agricultural animals. Joint projects with Acceligen/Recombinetics.,,
bioceres_sa,Bioceres S.A.,Bioinputs & Crop Resilience,applied,0.604,"[""ag_inputs""]",bioinputs,"Fully-integrated agricultural biotechnology company developing crop trait technologies and biological inputs for South American farmers. Publicly listed on NASDAQ (BIOX), focused on drought tolerance ",,
kaiima,Kaiima,Bioinputs & Crop Resilience,applied,0.604,"[""ag_inputs""]",bioinputs,"Develops genetic and breeding technology to improve plant productivity, focusing on elite castor bean hybrid development. Applies advanced genomics to enhance crop yield and resilience across markets.",,
microendo,Microendo,Bioinputs & Crop Resilience,applied,0.604,"[""ag_inputs""]",bioinputs,Creates personalized biofertilizers by harvesting microorganisms from the plant itself to increase crop yield and restore plant health. Applies endophytic microbiology to precision sustainable agricul,,
advanced_biocontrollers,Advanced Biocontrollers,Bioinputs & Crop Resilience,applied,0.604,"[""ag_inputs""]",bioinputs,"Provides biopesticides and biocontrol agents for agricultural pest management. Researches, develops, and sells insecticides and pesticides derived from biological sources to protect crops sustainably.",,
eiru,Eirú,Bioinputs & Crop Resilience,applied,0.622,"[""ag_inputs""]",bioinputs,Agtech startup focused on advanced pollination optimization through simulated bee dynamics. It enters the thesis due to its direct coupling with agricultural performance and resilience.,,
agrion-agrisolutions-br,Agrion Agrisolutions,Bioinputs & Crop Resilience,applied,0.622,[],,Agrion converts sugarcane byproducts into controlled-release organo-mineral fertilizers. Serves Brazilian row-crop farmers with a circular-economy model; raised $46M Series A from the Global Fund for ,,
exacta-bioscience-cl,Exacta BioScience,Bioinputs & Crop Resilience,applied,0.622,[],,"Develops bacteriophage-based crop protection products harnessing naturally occurring phages to eliminate bacterial plant diseases in tomato, stone fruit, walnut, and kiwi without chemical residues, ta",,
biocentis-br,Biocentis,Bioinputs & Crop Resilience,applied,0.622,[],,Biocentis uses genome engineering and AI to produce self-limiting insect strains that suppress target pest fertility without chemical pesticides. Targets Aedes aegypti (dengue/Zika) and spotted-wing D,,
decoy-smart-control-br,Decoy Smart Control,Bioinputs & Crop Resilience,applied,0.622,[],,Decoy Smart Control produces fungal biopesticides using entomopathogenic species lethal to Rhipicephalus microplus ticks but safe for cattle and humans. Spore-based formulations achieve 70-100% effica,,
dioxd,Dioxd,Bioinputs & Crop Resilience,applied,0.622,"[""ag_inputs""]",bioinputs,Agri-tech company focused on seed development and agricultural improvement. Applies technology to enhance seed quality and crop performance.,,
ayni-desert-interaction-cl,Ayni Desert Interaction,Bioinputs & Crop Resilience,applied,0.622,[],,,,
pewman-innovation-cl,Pewman Innovation,Bioinputs & Crop Resilience,applied,0.622,[],,,,
neocroptech-cl,NeoCropTech,Bioinputs & Crop Resilience,applied,0.622,[],,,,
bioceres-ar,Bioceres,Bioinputs & Crop Resilience,applied,0.622,[],,,,
cropguard-cl,CropGuard,Bioinputs & Crop Resilience,applied,0.622,[],,,,
seedtech-cl,SeedTech,Bioinputs & Crop Resilience,applied,0.622,[],,,,
fungicontrol-co,FungiControl,Bioinputs & Crop Resilience,applied,0.622,[],,,,
grupo-bios-co,Grupo Bios,Bioinputs & Crop Resilience,applied,0.622,[],,,,
terrasos-br,Terrasos,Bioinputs & Crop Resilience,applied,0.622,[],,,,
nemacontrol-biologicos-br,NemaControl Biologicos,Bioinputs & Crop Resilience,applied,0.622,[],,,,
microbiota-agricola-br,Microbiota Agricola,Bioinputs & Crop Resilience,applied,0.622,[],,,,
biodiverso-insumos-br,BioDiverso Insumos,Bioinputs & Crop Resilience,applied,0.622,[],,,,
bioram-mx,Bioram,Bioinputs & Crop Resilience,applied,0.622,[],,,,
microlabs-mx,Microlabs,Bioinputs & Crop Resilience,applied,0.622,[],,,,
energytop-via-proinpa-bo,Energytop (via Proinpa),Bioinputs & Crop Resilience,applied,0.622,[],,,,
agrigenetic-ecuador-ec,Agrigenetic Ecuador,Bioinputs & Crop Resilience,applied,0.622,[],,,,
microin,MicroIN,Bioinputs & Crop Resilience,deep,0.624,"[""ag_inputs"", ""formulation""]",bioinputs,Formulation startup that develops microencapsulation for innovation in bioinputs. Microencapsulation for bioinputs. Technology: microencapsulation; ag bioinputs; formulation technology. Sector: agricu,,
unibaio,Unibaio,Bioinputs & Crop Resilience,deep,0.624,"[""biomaterials""]",biomaterials,Agtech startup that develops natural microparticles to improve the performance of agroinputs and reduce chemical doses by up to 80%. Enter the thesis for ag biologicals and crop resilience.,,
agrosustain-mx,AgroSustain,Bioinputs & Crop Resilience,deep,0.632,"[""ag_inputs"", ""microbial"", ""iot""]","biopesticides, biofungicides, antifungal biotech, crop protection, sustainable agriculture",Mexican biotech developing eco-friendly biopesticides to combat fungal crop infections. Reduces dependency on chemical pesticides for healthier harvests. Based in Guadalajara.,,
calice_biotech,Calice Biotech,Bioinputs & Crop Resilience,deep,0.632,"[""ag_inputs"", ""synbio""]",bioinputs; synthetic-biology,Uses bioinformatics and gene editing tools to develop higher-yield cannabis cultivars. Applies precision genetics to improve the productivity and phytochemical profile of industrial cannabis plants.,,
nunatak_biotech,Nunatak Biotech,Bioinputs & Crop Resilience,deep,0.636,"[""microbial"", ""ai_ml""]",ai-data,"Nunatak Biotech designs plant-microorganism associations to restore soils and improve crop performance in adverse environments. Its official evidence points to plant-microbiome symbiosis, soil regener",,
caligenia,Caligenia,Bioinputs & Crop Resilience,deep,0.672,"[""carbon_tech"", ""iot"", ""microbial""]",,"Caligenia is an Argentine ag-biotech company developing BACTERCHAR, a soil-regeneration and carbon-storage amendment made by combining ancestral biochar-like soil practices with biotechnology and agri",,
infira,Infira,Bioinputs & Crop Resilience,deep,0.672,"[""plant_breeding"", ""synbio"", ""iot"", ""ai_ml""]",ai-data,"Argentine agrobiotechnology startup that develops genetic technologies to convert annual crops into perennials, increasing productivity, resilience and soil health. Enter crop resilience and genetics.",,
nanotica,Nanotica,Bioinputs & Crop Resilience,deep,0.672,"[""nanotech"", ""ag_inputs"", ""water_tech""]",bioinputs; remediation,"Nanotica develops in-field nanoencapsulation systems for crop inputs. Its nanotizer machine and empty capsules let farmers encapsulate agrochemicals at the moment of application, aiming to lower doses",,
geoprot,Geoprot,Biomanufacturing & Platform Technologies,applied,0.562,"[""iot"", ""ai_ml"", ""ag_inputs""]",ai-data; bioinputs,Geoprot is a GRIDX portfolio deep-biotech startup developing a non-AI method for protein function analysis and prediction. Public GRIDX portfolio pages classify Geoprot under Deep-biotech and describe,,
pharmalens-br,Pharmalens,Biomanufacturing & Platform Technologies,applied,0.562,"[""ai_ml"", ""robotics""]","computer vision, machine learning, defect detection, pharmaceutical QC, biotech manufacturing automation","Pharmalens applies computer vision and machine learning to automate visual quality control in biotech and pharmaceutical manufacturing, detecting defects and non-conformities to reduce human inspectio",,
aimirim-br,Aimirim,Biomanufacturing & Platform Technologies,applied,0.592,"[""iot"", ""ai_ml"", ""robotics""]","digital twin, IoT sensors, AI analytics, process automation, industrial integration","Aimirim applies AI, digital twins, and IoT sensors to optimize industrial fermentation and energy processes in sugarcane biorefineries. Platform boosts ethanol yield and steam efficiency without full ",,
nalca-biotech-cl,Nalca Biotech,Biomanufacturing & Platform Technologies,deep,0.62,[],,,,
biofactory-br,BioFactory,Biomanufacturing & Platform Technologies,deep,0.62,[],,,,
biolinker-br,Biolinker,Biomanufacturing & Platform Technologies,deep,0.62,[],,,,
bioprocess-automation-brasil-br,BioProcess Automation Brasil,Biomanufacturing & Platform Technologies,deep,0.62,[],,,,
stamm-ar,Stamm,Biomanufacturing & Platform Technologies,deep,0.632,[],,Develops desk-sized laminar flow bioreactors using microfluidic circuits for decentralized biotechnology processes. More efficient cell growth at fraction of the cost.,,
mabxience-ar,mAbxience,Biomanufacturing & Platform Technologies,deep,0.656,[],,"mAbxience is the biopharmaceutical manufacturing arm of Insud Pharma (Grupo Insud, Argentina). Founded 2010, it operates industrial-scale GMP facilities in Buenos Aires and Spain producing biosimilar ",,
algalife,Algalife,Biomanufacturing & Platform Technologies,deep,0.66,"[""biomanufacturing"", ""ai_ml""]",ai-data; biomanufacturing,GridX portfolio company building a platform to optimize productive processes based on microalgae. It belongs inside BIO VC LATAM as microalgae bioprocessing and bioindustrial infrastructure.,,
speclab,SpecLab,Biomanufacturing & Platform Technologies,deep,0.672,"[""ai_ml"", ""diagnostics""]",ai-data; diagnostics,"SpecLab is a Brazilian analytical-technology company using smart spectral fingerprinting, machine learning and chemometrics to digitize complex laboratory analyses with little or no sample preparation",,
sistema-bio-mx,Sistema.bio,Biomaterials & Green Chemistry,applied,0.532,"[""clean_energy""]","modular biodigesters, biogas generation, bioslurry fertilizer, smallholder agriculture","Designs and installs prefabricated modular biodigesters for smallholder farmers converting animal waste into biogas for cooking and organic fertilizer. Operating in Mexico, India, Kenya, and Colombia;",,
nanoblast,Nanoblast,Biomaterials & Green Chemistry,applied,0.55,"[""therapeutics""]",therapeutics,"Develops nanotechnology-based treatments that promote dermal tissue regeneration, enabling healing for diabetic wounds and other chronic skin conditions. Advances nano-enabled regenerative dermatology",,
giraffe-bio-ar,Giraffe Bio,Biomaterials & Green Chemistry,applied,0.58,[],,"Giraffe Bio engineers custom biomolecules using AI and microfluidic biochips to replace harsh chemicals in copper and lithium leaching, improving metal recovery from low-grade ores while cutting water",,
bioelements-cl,BioElements,Biomaterials & Green Chemistry,applied,0.58,[],,"Manufactures biodegradable and compostable packaging from bio-based materials that break down via fungal and microbial action in composting, landfill, or marine environments, serving 250+ retail, food",,
ejido-verde-mx,Ejido Verde,Biomaterials & Green Chemistry,applied,0.58,[],,Triple-bottom-line sustainable pine resin company in Mexico working with indigenous communities to manage pine forests sustainably while producing high-quality resin for industrial markets.,,
strong-by-form-cl,Strong by Form,Biomaterials & Green Chemistry,applied,0.58,[],,Chilean biotech developing high-performance biocomposites from timber waste as sustainable replacements for steel and aluminum in construction. Portfolio company of Savia Ventures.,,
mothership-materials-cl,Mothership Materials,Biomaterials & Green Chemistry,applied,0.58,[],,"Technology company transforming plant waste into key molecules for biomanufacturing, enabling circular bioeconomy applications. Portfolio company of Savia Ventures.",,
aintech,Aintech,Biomaterials & Green Chemistry,applied,0.58,"[""biomaterials""]",biomaterials,Nanotechnology research company developing sustainable materials and processes for resource optimization. Applies nanoscience to create innovative bio-based materials and transformation technologies.,,
copptech,Copptech,Biomaterials & Green Chemistry,applied,0.58,"[""biomaterials""]",biomaterials,"Develops antimicrobial particles using copper and zinc that eliminate viruses, bacteria, and fungi on contact. Provides broad-spectrum pathogen-control materials for healthcare, food, and textile indu",,
copper3d,Copper3D,Biomaterials & Green Chemistry,applied,0.58,"[""biomaterials""]",biomaterials,"Nanotechnology company specializing in antibacterial copper-based nanomaterials for 3D printing in medical, dental, and industrial applications. Enables antimicrobial additive manufacturing at scale.",,
contech_brasil,Contech Brasil,Biomaterials & Green Chemistry,applied,0.58,"[""biomaterials""]",biomaterials,Provides biodegradable chemicals for the paper and cellulose industry. Develops bio-based chemical solutions that replace conventional fossil-derived industrial chemicals.,,
biosolvit,Biosolvit,Biomaterials & Green Chemistry,applied,0.58,"[""water_tech""]",remediation,Manufactures biomass-based absorber materials from palm tree fern for water treatment and agricultural remediation. Provides biodegradable solutions for environmental contamination control.,,
growpack,growPack,Biomaterials & Green Chemistry,applied,0.58,"[""biomaterials""]",biomaterials,Manufactures biomaterials that connect plants and humans through regenerative technologies. Develops living materials and bio-based packaging that transform interaction between people and the environm,,
biorgani,Biorgani,Biomaterials & Green Chemistry,applied,0.58,"[""biomaterials""]",biomaterials,Develops plant-based biopolymers as sustainable packaging substitutes for fossil-fuel-based plastics. Uses custom thermoforming technology to produce compostable packaging from renewable feedstocks.,,
spora_biotech,Spora Biotech,Biomaterials & Green Chemistry,applied,0.58,"[""biomaterials""]",biomaterials,"Develops mushroom mycelium-based leather as a sustainable, cruelty-free substitute for animal leather. Advances fungal biomaterials for fashion and design industries.",,
brtc,Brtc,Biomaterials & Green Chemistry,applied,0.58,"[""biomaterials""]",biomaterials,Develops nanotechnology-based textile and non-textile hospital products including uniforms and masks with embedded antimicrobial properties. Applies nanotech to improve infection prevention in healthc,,
photio,Photio,Biomaterials & Green Chemistry,applied,0.58,"[""water_tech""]",remediation,"Develops nanotechnological additives and coatings that degrade and eliminate greenhouse gases when applied to paints, asphalt, and construction materials. Enables passive GHG remediation at urban scal",,
smatter,Smatter,Biomaterials & Green Chemistry,applied,0.58,"[""biomaterials""]",biomaterials,"Uses biotech to create sustainable materials by combining microorganisms, agricultural waste, and biocontrol agents. Develops living materials for sustainable crop production and circular economy appl",,
nanotropic_tecnologia,NanoTropic Tecnologia,Biomaterials & Green Chemistry,applied,0.58,"[""biomaterials""]",biomaterials,Develops and produces an antimicrobial nanoadhesive capable of imbuing materials with long-lasting antimicrobial properties. Enables sustainable infection prevention in healthcare and industrial appli,,
bioplast-br,BioPlast,Biomaterials & Green Chemistry,applied,0.58,[],,,,
biocell-mx,BioCell,Biomaterials & Green Chemistry,applied,0.58,[],,,,
lifepack-co,Lifepack,Biomaterials & Green Chemistry,applied,0.58,[],,,,
biorefinery-tech-brazil-br,Biorefinery Tech Brazil,Biomaterials & Green Chemistry,applied,0.58,[],,,,
nchemi-br,nChemi,Biomaterials & Green Chemistry,applied,0.598,[],,Develops ultra-thin metal oxide nanoparticle coatings for surgical instruments and industrial machinery extending product lifespan. University of São Carlos spinoff.,,
atacama-biomaterials-cl,Atacama Biomaterials,Biomaterials & Green Chemistry,applied,0.598,[],,Develops sustainable biobased packaging materials from local Chilean biomass as alternatives to conventional plastics. Pre-seed funded. MIT recognized.,,
living-ink-us,Living Ink,Biomaterials & Green Chemistry,applied,0.598,[],,Synthetic biology company producing algae-based environmentally safe color pigments as drop-in replacements for petroleum-derived dyes. Portfolio company of Savia Ventures.,,
nanopharmacia-group-mx,Nanopharmacia Group,Biomaterials & Green Chemistry,applied,0.616,[],,"Applies nanotechnology-enabled drug delivery systems to improve bioavailability and reduce toxicity of oncology and metabolic disease therapies, while performing NGS-based genomic tumor profiling to g",,
ecoshell-mx,Ecoshell,Biomaterials & Green Chemistry,applied,0.616,[],,Mexican startup creating biodegradable plant-based packaging solutions for food and agriculture industries decomposing naturally as sustainable alternatives to conventional plastic. Based in Guadalaja,,
circclo,CIRCCLO,Biomaterials & Green Chemistry,enabler,0.62,"[""saas_marketplace"", ""ai_ml"", ""biomaterials""]",ai-data; biomaterials,"CIRCCLO is an Argentine circular-economy startup building reusable-packaging systems for CPG brands, gastronomy and events. Its model combines reusable containers, QR/RFID/NFC-enabled tracking, circul",,
HIAMET,HIAMET,Biomaterials & Green Chemistry,enabler,0.62,"[""iot"", ""ai_ml""]",ai-data,"HIAMET is an Argentine biotech company focused on improving biogas production from organic waste. Its official site describes process and additive design for organic-waste-to-energy conversion, biotec",,
protiva,Protiva,Biomaterials & Green Chemistry,enabler,0.62,"[""biomaterials"", ""blockchain""]",biomaterials,Biomaterials and biobased chemistry startup that develops traceable and validated bio-based pigments for real textile processes. Enter the thesis for biobased chemistry and advanced materials.,,
cyanomin,CyanoMin,Biomaterials & Green Chemistry,deep,0.632,"[""microbial"", ""water_tech"", ""ai_ml""]",ai-data; remediation,"CyanoMin is an Argentine environmental-biotech company developing biological desalination for hypersaline industrial brines from oil and gas, lithium and mining operations. Its platform uses unique ex",,
nanovetores_group,Nanovetores Group,Biomaterials & Green Chemistry,deep,0.636,"[""therapeutics""]",therapeutics,Develops active nano and micro-encapsulated ingredients using proprietary encapsulation technology for pharmaceutical and cosmetic drug delivery. Advances controlled-release systems for improved thera,,
arqlite,Arqlite,Biomaterials & Green Chemistry,deep,0.64,"[""biomanufacturing"", ""biomaterials""]",biomanufacturing; biomaterials,"Arqlite converts hard-to-recycle multi-layer plastics and plastic composites into low-carbon lightweight aggregates used as substitutes for sand, gravel, and conventional fill in construction and civi",,
bioplaster_research,BioPlaster Research,Biomaterials & Green Chemistry,deep,0.64,"[""clean_energy"", ""biomaterials""]",biomaterials,"Mexican biomaterials startup transforming invasive sargassum biomass into biodegradable packaging materials, films, bags and foams that replace petroleum-derived plastics",,
bioplaster_research_inc,BioPlaster Research Inc,Biomaterials & Green Chemistry,deep,0.64,"[""green_chem"", ""biomaterials""]",biomaterials,"Biomaterials company that transforms sargassum and other marine biomass into compostable packaging, foams and biodegradable films. Enter the thesis for circular material systems.",,
einsted,Einsted,Biomaterials & Green Chemistry,deep,0.64,"[""nanotech"", ""clean_energy""]",,"Industrial clean-tech startup that uses plasma pyrolysis to convert methane into clean hydrogen and highly conductive carbon, reducing emissions and valorizing material byproducts. Enter the thesis fo",,
mycorium_biotech,Mycorium Biotech,Biomaterials & Green Chemistry,deep,0.64,"[""microbial"", ""biomaterials""]",biomaterials,Biomaterials startup that upcycles waste with mycelium to produce bio-leather. Upcycling waste using mycelium to produce bio-leather. Technology: mycelium; waste upcycling; biomaterials. Sector: mater,,
patagon-fiber,Patagon Fiber,Biomaterials & Green Chemistry,deep,0.64,"[""microbial"", ""biomaterials""]",biomaterials,"Startup chilena de biomateriales y tintas sostenibles derivadas de bacterias no patogenas y residuos agricolas. Entra claramente por biomateriales, quimica biobasada y sustitucion de insumos toxicos.",,
radial,Radial,Biomaterials & Green Chemistry,deep,0.64,"[""microbial"", ""ai_ml"", ""biomaterials""]",ai-data; biomaterials,"Radial transforms organic residues into fungal materials for lower-impact material applications. The semantic anchor is simple and strong: fungal biology, waste valorization and biomaterial production",,
epicca,Epicca,Biomaterials & Green Chemistry,deep,0.64,"[""biomaterials"", ""carbon_tech""]",biomaterials; carbon-mrv,Manufactures bioplastic materials and packaging products designed to eliminate microplastics and reduce CO2 emissions. Produces green-revolution packaging that fully replaces conventional fossil-fuel-,,
break_pet,BreakPET,Biomaterials & Green Chemistry,deep,0.652,"[""enzymatic"", ""iot"", ""ai_ml"", ""biomaterials""]",ai-data; biomaterials; enzymes,Materials circularity startup that recycles PET with engineered enzymes. Enzymatic PET recycling platform. Technology: engineered enzymes; PET recycling; industrial biotech. Sector: materials and circ,,
calfix,Calfix,Biomaterials & Green Chemistry,deep,0.652,"[""green_chem"", ""ai_ml"", ""biomaterials""]",ai-data; biomaterials,"Calfix is an Argentine biotech-materials startup developing biotechnology solutions for repairing cracks in concrete. The public company profile is still thin, but it specifically positions Calfix Bio",,
polybion,Polybion,Biomaterials & Green Chemistry,deep,0.652,"[""biomaterials"", ""carbon_tech""]",biomaterials; carbon-mrv,"Manufactures bio-assembled materials from circular carbon sources, providing sustainable alternatives for designers and material engineers. Produces bacterial cellulose-based materials to replace anim",,
monte-caldera-technology,Monte Caldera Technology,Biomaterials & Green Chemistry,deep,0.664,"[""computational_bio"", ""ai_ml"", ""biomaterials""]",ai-data; biomaterials,"Materials discovery startup that uses advanced physics and molecular modeling to accelerate R&D in chemistry, energy, semiconductors and biotech with a focus on more sustainable materials.",,
biometallum,BioMetallum,Biomaterials & Green Chemistry,deep,0.672,"[""microbial"", ""synbio"", ""ai_ml""]",ai-data; synthetic-biology,"BioMetallum is an Argentine biomining company using microorganisms, synthetic biology and AI-driven exploration to extract lithium and other metals with lower water use, fewer chemicals and reduced en",,
inmet,INMET,Biomaterials & Green Chemistry,deep,0.672,"[""biomaterials"", ""synbio""]",biomaterials; synthetic-biology,INMET is an Argentine biomaterials company developing PHB biopolymer from agro-industrial byproducts through synthetic-biology strain optimization and a solvent-free downstream process. Its material i,,
epiliquid,Epiliquid,Diagnostics & Devices,applied,0.526,"[""diagnostics"", ""ai_ml""]",ai-data; diagnostics,Epiliquid is an Argentine diagnostics startup developing an accessible liquid-biopsy platform for early cancer detection using blood-based biomarkers. Its public company profile positions the company ,,
bleps_vision,Bleps Vision,Diagnostics & Devices,applied,0.532,"[""diagnostics"", ""ai_ml""]",ai-data; diagnostics,Medtech company that develops a portable corneal topographer for visual diagnosis and contact lens fitting. Enter the thesis for diagnostics and medtech.,,
gameet,Gameet,Diagnostics & Devices,applied,0.532,"[""ai_ml"", ""diagnostics""]",ai-data; diagnostics,Gameet is an Argentine reproductive-biotech startup developing 3D-printed microdevices to optimize the production of healthy human embryos in assisted-reproduction workflows. Its technology sits at th,,
microscopia,microscopIA,Diagnostics & Devices,applied,0.532,"[""ai_ml"", ""diagnostics""]",ai-data; diagnostics,"Startup of automated devices with AI for medical, veterinary diagnosis and agro-industrial applications based on microscopy. Enter the thesis for diagnostics and medtech.",,
mzp,MZP,Diagnostics & Devices,applied,0.532,"[""diagnostics""]",diagnostics,"MZP is a medtech diagnostics startup developing advanced coagulation testing for bleeding management in trauma, surgery, organ transplants and critical care. Its public profile points to point-of-care",,
oncoliq,Oncoliq,Diagnostics & Devices,applied,0.532,"[""diagnostics""]",diagnostics,Non-invasive oncological diagnosis startup for early cancer detection. Non-invasive early cancer detection. Technology: non-invasive detection; oncology diagnostics. Sector: healthcare diagnostics.,,
samay,Samay,Diagnostics & Devices,applied,0.532,"[""ai_ml"", ""diagnostics""]",ai-data; diagnostics,Colombian-American startup that develops AI-powered solutions for the diagnosis and management of respiratory diseases. Enter diagnostics and medtech.,,
tell,Tell,Diagnostics & Devices,applied,0.532,"[""ai_ml"", ""diagnostics""]",ai-data; diagnostics,Argentine brain health startup that uses speech metrics to early detect neurodegenerative disorders. It clearly enters through diagnostics and medtech.,,
neuralmed,NeuralMed,Diagnostics & Devices,applied,0.532,"[""diagnostics"", ""ai_ml""]",diagnostics; ai-data,Develops AI-enabled healthcare technology for medical image analysis and clinical decision support. Combines computer vision and medical expertise to improve diagnostic accuracy and efficiency.,,
celer_biotecnologia,Celer Biotecnologia,Diagnostics & Devices,applied,0.532,"[""diagnostics""]",diagnostics,Develops and produces instruments and reagents for automation of clinical diagnostics. Provides high-throughput diagnostic tools to improve laboratory efficiency across Brazil.,,
meton,Meton,Diagnostics & Devices,applied,0.532,"[""therapeutics"", ""ai_ml""]",therapeutics; ai-data,"Uses machine learning, computational simulations, and medicinal pharmacology expertise to discover and advance new drugs into clinical development. Applies AI-driven methods to accelerate drug design.",,
grupo_diagnostico_aries,Grupo Diagnostico Aries,Diagnostics & Devices,applied,0.532,"[""diagnostics""]",diagnostics,Provides comprehensive medical diagnostic services across multiple specialties. Delivers clinical laboratory and imaging diagnostics to patients across Mexico.,,
pathovet,Pathovet,Diagnostics & Devices,applied,0.532,"[""diagnostics""]",diagnostics,Veterinary pathological anatomy laboratory using predictive and quantitative biology to diagnose diseases in farmed fish. Enables precision aquatic animal health management through advanced diagnostic,,
bitmec,Bitmec,Diagnostics & Devices,applied,0.532,"[""diagnostics"", ""iot""]",diagnostics; iot,Healthtech startup developing IoT and cloud-based solutions to deliver affordable medical care to underserved communities. Bridges the healthcare access gap in low-resource settings through connected ,,
diagnosis_biotech,Diagnosis Biotech,Diagnostics & Devices,applied,0.532,"[""diagnostics""]",diagnostics,Building a distributed network of point-of-care testing machines for mass infectious disease surveillance. Democratizes epidemiological monitoring through decentralized diagnostic infrastructure.,,
vetpix,Vetpix,Diagnostics & Devices,applied,0.532,"[""diagnostics"", ""ai_ml""]",diagnostics; ai-data,"Develops automated microscopy for veterinary diagnostics with AI-powered single-scan diagnosis. Enables rapid, accurate, and portable veterinary pathology analysis.",,
novagenic_affinity,Novagenic Affinity,Diagnostics & Devices,applied,0.532,"[""diagnostics""]",diagnostics,Develops pharmacogenetic tests for personalized medicine by extrapolating from metabolic phenotype profiling. Enables precision prescribing by matching drug regimens to individual genetic profiles.,,
tensor-care,Tensor Care,Diagnostics & Devices,applied,0.544,"[""ai_ml"", ""diagnostics"", ""remote_sensing""]",ai-data; diagnostics; remote-sensing,TensorCare is a Chilean medtech / AI diagnostics company adding quantitative cartilage morphology metrics to routine MRI. Its official site positions the platform as reproducible cartilage-imaging inf,,
arcomed,Arcomed,Diagnostics & Devices,applied,0.55,"[""diagnostics""]",diagnostics,"Medtech company specialized in infusion systems, pumps and integrated clinical solutions for hospitals and critical therapies. It remains inside as clinical medtech, although not as biotech.",,
magnamed,Magnamed,Diagnostics & Devices,applied,0.55,"[""diagnostics""]",diagnostics,"Magnamed is a Brazilian medtech company specialized in respiratory care, mechanical ventilation and critical-care devices for ICU, emergency and transport use. Its BIO VC LATAM fit is clinical infrast",,
motivia-ar,Motivia,Diagnostics & Devices,applied,0.55,[],,"Argentine AI and behavioral sciences platform designed to improve medication adherence for chronic disease patients. Uses behavioral nudges, personalized reminders and data analytics to help patients ",,
neomed-br,NeoMed,Diagnostics & Devices,applied,0.55,[],,"NeoMed AI platform (Kardia for hospitals, Octopus for clinics) automates ECG and cardiac exam analysis to detect atrial fibrillation and acute MI. Delivers 90x faster reports and 30% cost reduction; a",,
levita-magnetics-cl,Levita Magnetics,Diagnostics & Devices,applied,0.55,[],,"Developed the FDA-cleared MARS magnetic robotic surgical platform using dual magnet-controlled arms and Dynamic Magnetic Positioning to perform laparoscopic bariatric, cholecystectomy, and colorectal ",,
koltin-mx,Koltin,Diagnostics & Devices,applied,0.55,[],,"Mexican digital health platform for chronic condition management, with a focus on diabetes care. Combines wearable glucose monitoring, AI-driven coaching and care team coordination to help patients ma",,
prosperia,PROSPERiA,Diagnostics & Devices,applied,0.55,"[""diagnostics"", ""ai_ml""]",diagnostics; ai-data,Develops AI-based technology for early detection and treatment of chronic diseases including diabetes and hypertension in emerging markets. Provides scalable digital health screening for underserved p,,
huna,Huna,Diagnostics & Devices,applied,0.55,"[""diagnostics"", ""ai_ml""]",diagnostics; ai-data,"Develops an AI cancer screening engine that applies artificial intelligence to medical imaging for early cancer detection. Makes cancer screening faster, cheaper, and universally accessible.",,
glucogear,GlucoGear,Diagnostics & Devices,applied,0.55,"[""diagnostics"", ""ai_ml""]",diagnostics; ai-data,Applies artificial intelligence to personalize diabetes treatment protocols. Enables precision management of blood glucose based on individual metabolic patterns.,,
selectivity,Selectivity,Diagnostics & Devices,applied,0.55,"[""diagnostics""]",diagnostics,Develops reproductive medical devices that bring fertility treatments to patients' homes. Makes assisted reproductive technology accessible outside clinical settings.,,
hoobox_one,HOOBOX ONE,Diagnostics & Devices,applied,0.55,"[""diagnostics"", ""ai_ml""]",diagnostics; ai-data,Healthtech company using AI and computer vision to simplify patient journeys and clinical workflows. Applies machine vision to healthcare process automation.,,
dart_by_teledx,DART by Teledx,Diagnostics & Devices,applied,0.55,"[""diagnostics"", ""ai_ml""]",diagnostics; ai-data,"Early diagnosis software automatically detecting retinal disease signs from retinal images and metadata. Enables scalable, AI-powered screening for diabetic retinopathy and other sight-threatening con",,
pickcells,Pickcells,Diagnostics & Devices,applied,0.55,"[""diagnostics"", ""ai_ml""]",diagnostics; ai-data,Uses computer vision and AI to automate microscopy exams for healthcare diagnosis. Democratizes access to high-quality pathology analysis through intelligent image processing.,,
pixed,Pixed,Diagnostics & Devices,applied,0.55,"[""diagnostics""]",diagnostics,"Develops myoelectric, personalized biomechanical devices to provide new tools and opportunities for people with disabilities. Creates adjustable bionic prosthetics improving mobility and quality of li",,
cutting_edge_superconductors,Cutting Edge Superconductors,Diagnostics & Devices,applied,0.55,"[""diagnostics""]",diagnostics,Produces MgB2 superconducting wires for next-generation cryogenic-free MRI machines. Advances magnet technology that makes medical MRI systems more accessible and affordable.,,
inpulse_medical,InPulse Medical,Diagnostics & Devices,applied,0.55,"[""diagnostics""]",diagnostics,Technology-based solutions for the healthcare industry. Develops health tech tools for clinical applications.,,
zev_biotech,ZEV Biotech,Diagnostics & Devices,applied,0.556,"[""diagnostics"", ""saas_marketplace"", ""ai_ml""]",ai-data; diagnostics,Molecular diagnostics startup with a platform that can be installed in any laboratory. Lab-deployable molecular diagnostics platform. Technology: molecular diagnostics; lab-deployable platform. Sector,,
bioseek,Bioseek,Diagnostics & Devices,applied,0.562,"[""ai_ml"", ""therapeutics""]",ai-data; therapeutics,Semantic search and analytics platform for life sciences research. It enters the thesis as scientific software directly coupled to biological R&D. Semantic search engine for life sciences. Technology:,,
chemtest,Chemtest,Diagnostics & Devices,applied,0.562,"[""diagnostics""]",diagnostics,"Diagnostics startup that develops innovative solutions for the simple and accurate detection of infectious diseases, with a platform that minimizes the use of risky agents. Enter the thesis for diagno",,
delee,Delee,Diagnostics & Devices,applied,0.562,"[""diagnostics"", ""ai_ml""]",ai-data; diagnostics,"Delee is a Mexican oncology diagnostics company developing CytoCatch, an automated platform for isolating and analyzing circulating tumor cells from blood. The technology is designed for reliable CTC ",,
metabix-biotech,metaBIX Biotech,Diagnostics & Devices,applied,0.562,"[""iot"", ""ai_ml"", ""diagnostics""]",ai-data; diagnostics,"metaBIX Biotech is a Uruguayan bio-vigilance company combining environmental sampling, biotechnology hardware and AI models to predict disease and microbiological contamination risks. Its platform ana",,
biosens,Biosens,Diagnostics & Devices,applied,0.562,"[""diagnostics""]",diagnostics,Deep tech life science startup simplifying access to laboratory diagnosis. Develops accessible diagnostic platforms to democratize clinical testing.,,
genial-care-br,Genial Care,Diagnostics & Devices,applied,0.568,[],,"Digital health platform specializing in autism spectrum disorder (ASD) care, combining applied behavior analysis (ABA), speech therapy and occupational therapy. Integrates multidisciplinary clinical t",,
beep-saude-br,Beep Saúde,Diagnostics & Devices,applied,0.568,[],,"Brazilian home healthcare services platform offering at-home medical tests, lab results and nursing care across major cities. Enables patients to access clinical diagnostics and post-hospitalization c",,
examedi-cl,Examedi,Diagnostics & Devices,applied,0.568,[],,Chilean medical diagnostics platform offering at-home lab testing. Patients book tests online and a nurse collects samples at home; results are delivered digitally. Raised Series A and operates across,,
unima-mx,Unima,Diagnostics & Devices,applied,0.568,[],,"Develops Find, a portable microfluidic diagnostic platform using genetically engineered shark antibodies to detect TB, dengue, and other pathogens from saliva, urine, or blood in 15 minutes without la",,
hilab-br,Hilab,Diagnostics & Devices,applied,0.568,[],,Develops point-of-care diagnostic devices and cloud platform for remote lab tests with AI-powered results. Hilab Lens performs Complete Blood Count at POC. Series B $33.16M.,,
bloomcare-br,BloomCare,Diagnostics & Devices,applied,0.568,[],,"Brazilian digital care platform for women and family medicine, automating maternal health tracking, appointments and remote monitoring. Connects pregnant women and mothers with healthcare professional",,
brain4care-br,Brain4care,Diagnostics & Devices,applied,0.58,[],,Brain4care wearable headband sensor detects micrometric pulsatile skull expansions to derive intracranial pressure waveforms non-invasively. FDA- and ANVISA-cleared; 93% sensitivity for intracranial h,,
gen-t-br,Gen-t,Diagnostics & Devices,applied,0.58,[],,Improves ethnic diversity in human genome sequence collections by collecting genetic data from diverse Brazilian populations and studying disease-associated genetic traits.,,
eva-mx,Eva,Diagnostics & Devices,applied,0.58,[],,"Offers rapid, non-invasive breast cancer pre-screening using AI-enhanced infrared thermography in under 10 minutes at retail and clinic locations, expanding early detection access for women in Mexico ",,
movet-co,Movet,Diagnostics & Devices,applied,0.58,[],,Colombian network of state-of-the-art veterinary clinics offering standardized medical protocols and high-quality animal health services. Raised Series A of USD 5M in October 2024 and operates with ov,,
mzp-tecnologia-ar,MZP Tecnologia,Diagnostics & Devices,applied,0.58,[],,"MZP Tecnologia (Bariloche) developed a portable point-of-care coagulation analyzer that measures blood viscosity from a single drop via a disposable micro-machined chip, enabling fast cardiovascular a",,
baxxis-medtech-cl,Baxxis Medtech,Diagnostics & Devices,applied,0.58,"[""iot"", ""medical_devices""]","smart prosthetics, embedded sensors, ACL reconstruction, real-time postoperative monitoring, orthopedic medtech",Chilean medtech creating an intelligent knee prosthesis for anterior cruciate ligament replacement with real-time postoperative tracking capabilities. Portfolio company of CITES.,,
linda_lifetech,Linda Lifetech,Diagnostics & Devices,applied,0.58,"[""diagnostics"", ""ai_ml""]",diagnostics; ai-data,"Health-tech platform using AI to detect breast cancer at early stages, making screening accessible to all income levels. Applies deep learning to mammography and other imaging modalities.",,
thermy,Thermy,Diagnostics & Devices,applied,0.58,"[""diagnostics""]",diagnostics,Develops a non-invasive thermography-based healthcare platform for early breast cancer detection. Provides mobile and desktop screening tools to reduce late-stage cancer diagnosis in underserved commu,,
mirai_3d,Mirai 3D,Diagnostics & Devices,applied,0.58,"[""diagnostics""]",diagnostics,Operates a simulation-based platform using 3D biomodels for surgical planning and training. Combines 3D printing and biomodeling to reduce surgical risk and improve clinical outcomes.,,
corpogen-co,CorpoGen,Diagnostics & Devices,applied,0.58,[],,,,
welii-ar,Welii,Diagnostics & Devices,applied,0.58,[],,,,
biowit-mx,BIOWIT,Diagnostics & Devices,applied,0.58,[],,,,
cepha-biotech-br,CEPHA Biotech,Diagnostics & Devices,applied,0.58,[],,,,
hem-healthtech-co,Hem Healthtech,Diagnostics & Devices,applied,0.58,[],,,,
labtronics-sas-co,Labtronics SAS,Diagnostics & Devices,applied,0.58,[],,,,
healthpoint-bo,HealthPoint,Diagnostics & Devices,applied,0.58,[],,,,
nanomedical-cr,Nanomedical,Diagnostics & Devices,applied,0.58,[],,,,
biometrics-medellin-co,BioMetrics Medellin,Diagnostics & Devices,applied,0.58,[],,,,
respiratorydx-co,RespiratoryDx,Diagnostics & Devices,applied,0.58,[],,,,
medimarket-online-ve,Medimarket Online,Diagnostics & Devices,applied,0.58,[],,,,
caribbean-medtech-do,Caribbean MedTech,Diagnostics & Devices,applied,0.58,[],,,,
daeki-cl,Daeki,Diagnostics & Devices,applied,0.598,[],,"Develops lateral-flow saliva diagnostic kits using antibodies binding nucleic acid sequences associated with Type 2 diabetes, enabling non-invasive home testing in minutes without blood draws or lab e",,
terragene-ar,Terragene,Diagnostics & Devices,applied,0.598,[],,"Terragene manufactures rapid biological and chemical indicators — including a 7-second steam sterilization test — paired with cloud-connected readers and software to give hospital CSSDs real-time, tra",,
geneprodx-mx,GeneProDx,Diagnostics & Devices,applied,0.604,[],,"Develops genomic and AI-based molecular diagnostic tests for thyroid nodule classification using the Idylla platform, enabling oncologists to accurately characterize nodules and avoid unnecessary surg",,
reddot-bio-br,Reddot Bio,Diagnostics & Devices,applied,0.61,[],,"Reddot Bio's MDx-Nano is a patented point-of-care platform detecting DNA/RNA faster and cheaper than RT-PCR, enabling field-accessible molecular diagnostics for plant and animal health. Backed by Vesp",,
taugc-bioinformatics-br,TauGC Bioinformatics,Diagnostics & Devices,applied,0.616,[],,Integrates AI with next-generation sequencing (NGS) for genomic data analysis. Applications in oncology rare diseases agriculture and evolutionary biology.,,
kura-biotec-mx,KURA Biotec,Diagnostics & Devices,applied,0.616,[],,"Develops proprietary enzymatic reagents for sample preparation across toxicology (mass spectrometry), genomics (PCR and NGS), and food safety (pathogen detection) workflows, improving speed and accura",,
cellter-cl,Cellter,Diagnostics & Devices,applied,0.616,[],,Chilean biotech combining AI-powered big data and nano pharmaceutical drug design to develop diagnostics and therapies for high-incidence diseases. Applications in cancer cardiovascular and immunother,,
nexxto,Nexxto,Diagnostics & Devices,enabler,0.62,"[""iot""]",iot,"Brazilian IoT monitoring company providing real-time temperature and humidity control for health products, medicines, blood derivatives, laboratory materials and clinical environments. Its sensors, al",,
avedian-ar,Avedian,Diagnostics & Devices,enabler,0.62,[],,"Argentine health records management platform with predictive AI serving hospitals, insurance companies and laboratories. Centralizes clinical data, automates reporting and enables interoperability bet",,
olho_do_dono,Olho do Dono,Diagnostics & Devices,enabler,0.62,"[""remote_sensing"", ""ai_ml""]",remote-sensing; ai-data,"Develops 3D camera software to estimate cattle weight using portable scanning devices, enabling precision livestock management. Helps cattle owners monitor herd performance without manual weighing.",,
biosynaptica,BioSynaptica,Diagnostics & Devices,deep,0.624,"[""therapeutics"", ""ai_ml""]",ai-data; therapeutics,"BioSynaptica is an Argentine biotechnology company developing innovative biopharmaceuticals for neurodegenerative diseases, with public evidence centered on a neuropharmaceutical based on human erythr",,
enteria,Enteria,Diagnostics & Devices,deep,0.624,"[""diagnostics""]",diagnostics,Startup that develops diagnostic tools based on microbiota. Microbiota-based diagnostics. Technology: microbiome diagnostics; gut health testing. Sector: healthcare diagnostics.,,
limay_biosciences,Limay Biosciences,Diagnostics & Devices,deep,0.624,"[""diagnostics""]",diagnostics,Argentine portable molecular diagnosis startup that seeks to bring PCR-type precision to contexts without a centralized laboratory. Enter the thesis for diagnostics and medtech.,,
microgenesis,Microgenesis,Diagnostics & Devices,deep,0.624,"[""diagnostics""]",diagnostics,"Fertility diagnostics startup that combines inflammatory evaluation, biological reproductive age and personalized plans to monitor fertility and IVF failures.",,
nanojump_bio,Nano Jump Bio,Diagnostics & Devices,deep,0.624,"[""diagnostics""]",diagnostics,Molecular tools startup that seeks to enable the extraction of genetic material anywhere. Portable genetic material extraction tool. Technology: sample preparation; molecular biology tools; portable e,,
ubique_bio,Ubique Bio,Diagnostics & Devices,deep,0.624,"[""diagnostics""]",diagnostics,Diagnostic startup that uses synthetic peptides to enable distributed testing. Diagnostics with synthetic peptides. Technology: synthetic peptides; diagnostics. Sector: healthcare diagnostics.,,
thyroidprint,ThyroidPrint,Diagnostics & Devices,deep,0.624,"[""diagnostics""]",diagnostics,Develops multi-genetic molecular diagnostic tests to accurately diagnose thyroid cancer from biopsy samples. Enables precise pre-surgical cancer determination to guide treatment decisions.,,
mendelics,Mendelics,Diagnostics & Devices,deep,0.624,"[""diagnostics""]",diagnostics,"Clinical genetics laboratory providing rapid and accurate DNA sequencing for genetic diagnosis, cancer genomics, and rare disease testing. One of the largest genetic testing providers in Latin America",,
corsync,Cor.Sync,Diagnostics & Devices,deep,0.624,"[""diagnostics""]",diagnostics,Developed infarction diagnostic technology delivering laboratory-accurate troponin results within minutes in emergency settings. Enables fast cardiac biomarker testing to improve heart attack triage.,,
limay,Limay,Diagnostics & Devices,deep,0.624,"[""diagnostics""]",diagnostics,"Develops biotechnologies to decentralize molecular testing for food quality and health decision-making. Aims to democratize access to rapid, real-time molecular diagnostic tools.",,
detx_mol,Detx Mol,Diagnostics & Devices,deep,0.624,"[""diagnostics""]",diagnostics,"Argentine molecular diagnostics company developing methodologies for infectious, oncological, and genetic disease detection in humans. Offers simple, scalable diagnostic solutions for clinical and res",,
fabns,FabNS,Diagnostics & Devices,deep,0.624,"[""diagnostics""]",diagnostics,Develops scientific-grade instruments for micro and nano-Raman spectroscopy and analytical tools for large optical spectroscopy datasets. Serves life science research and molecular diagnostics laborat,,
diagtech,Diagtech,Diagnostics & Devices,deep,0.624,"[""diagnostics""]",diagnostics,"Operates a molecular diagnostic center performing specialized disease prevention tests, including a sepsis monitoring alarm system. Advances rapid molecular diagnostics for life-threatening conditions",,
neurognos,Neurognos,Diagnostics & Devices,deep,0.624,"[""diagnostics""]",diagnostics,Developing an Alzheimer's disease diagnostic strategy using cutting-edge biomarker technology for early detection and prognosis. Addresses the critical gap in accessible dementia diagnosis in Latin Am,,
bitgenia,Bitgenia,Diagnostics & Devices,deep,0.632,"[""bioinformatics"", ""ai_ml"", ""therapeutics""]",ai-data; therapeutics,"Genomics and bioinformatics company that offers clinical analyses, gene panels, exome/genome and its own platform for data interpretation. Enter the thesis for computational biology and scientific sof",,
caspr_biotech_acq_by_amazon,Caspr Biotech (acq. by Amazon),Diagnostics & Devices,deep,0.636,"[""diagnostics""]",diagnostics,"Developed portable point-of-care kits for DNA/RNA detection with molecular precision, enabling rapid pathogen identification outside laboratory settings. Acquired by Amazon.",,
cytbac,Cytbac,Diagnostics & Devices,deep,0.652,"[""bioinformatics"", ""ai_ml"", ""therapeutics""]",ai-data; therapeutics,"Cytbac is an Argentine biotechnology startup developing vaccines and immunotherapies for humans and animals using predictive genomics, AI/ML and genetically engineered insect-virus vectors. Public WIS",,
multiplai_health,MultiplAI Health,Diagnostics & Devices,deep,0.652,"[""bioinformatics"", ""ai_ml"", ""diagnostics""]",ai-data; diagnostics,MultiplAI Health is an Argentina/UK preventive-medicine biotech using whole-blood RNA sequencing and AI to screen cardiovascular and other complex diseases remotely. The company positions its platform,,
caspr_biotech,Caspr Biotech,Diagnostics & Devices,deep,0.66,"[""diagnostics"", ""ai_ml""]",ai-data; diagnostics,Molecular diagnostic startup that develops rapid tests based on CRISPR from proprietary Cas proteins discovered in extremephiles. Enter the thesis for diagnostics and medtech.,,
qnity,Qnity,Diagnostics & Devices,deep,0.66,"[""iot"", ""therapeutics"", ""ai_ml""]",ai-data; iot; therapeutics,"Brazilian molecular-screening company developing a quantum-electrochemical chip for real-time drug discovery and affinity testing across molecule sizes, from small organics to complex biologics. Origi",,
embryoxite,Embryoxite,Diagnostics & Devices,deep,0.672,"[""diagnostics"", ""medical_devices""]",diagnostics,Medtech startup with non-invasive diagnosis to improve results in IVF. Non-invasive IVF diagnostic. Technology: non-invasive embryo diagnostics; reproductive medtech. Sector: fertility medicine.,,
gisens_biotech,Gisens Biotech,Diagnostics & Devices,deep,0.672,"[""nanotech"", ""iot"", ""diagnostics""]",diagnostics; iot,Nanotech diagnostics startup that seeks to bring ultra-precise diagnostics anywhere. Nanotechnology diagnostics everywhere. Technology: nanotechnology diagnostics; portable sensors. Sector: healthcare,,
imvalv,Imvalv,Diagnostics & Devices,deep,0.672,"[""medical_devices"", ""diagnostics"", ""iot""]",diagnostics; iot,"iMvalv is an Argentine ophthalmology medtech developing an implantable microvalve system for glaucoma, paired with an intraocular-pressure sensor and external reader. Its public site and clinical-tria",,
leaf,Leaf,Digital AgTech & Agrifintech,applied,0.538,"[""remote_sensing"", ""ai_ml""]",ai-data; remote-sensing,"Agriculture data-infrastructure company providing a unified API for food and agriculture, translating machine, field, imagery, weather and agronomic data into consistent formats",,
silohub,Silohub,Digital AgTech & Agrifintech,applied,0.538,"[""ai_ml""]",ai-data,"Argentine AgTech that digitizes the last mile of the grain business for warehouses, distributors and producers. Enter the thesis for precision agriculture and resource intelligence.",,
blooms,Blooms,Digital AgTech & Agrifintech,enabler,0.645,"[""ai_ml""]",ai-data,"Blooms Capital is a trade-finance platform for Latin American fruit and vegetable exporters. It offers pre-export working capital, non-recourse cross-border factoring, global payments and FX tools thr",,
sensify,Sensify,Digital AgTech & Agrifintech,enabler,0.645,"[""iot"", ""ai_ml""]",ai-data; iot,"Sensify is an Argentine IoT and AI platform for commercial refrigeration and cold-chain operations in food and beverages. Its systems connect refrigeration assets, predict operating data and provide b",,
agrolend,Agrolend,Digital AgTech & Agrifintech,enabler,0.655,"[""ai_ml""]",ai-data,"Agrolend is a Brazilian agfintech focused on agricultural credit, receivables trading, data-driven risk analysis and monitoring for producers, investors and agribusiness. It is not nature restoration;",,
culttivo,Culttivo,Digital AgTech & Agrifintech,enabler,0.655,"[""remote_sensing"", ""ai_ml""]",ai-data; remote-sensing,"Culttivo is a Brazilian coffee-finance and risk-intelligence platform that uses satellite imagery, analytics and ESG or climate-risk signals to improve credit access for coffee producers. It is not a ",,
verqor,Verqor,Digital AgTech & Agrifintech,enabler,0.655,"[""ai_ml""]",ai-data,"Verqor is a Mexican agfintech providing formal, digital and productive financing for farmers and agricultural SMEs, especially for inputs, machinery and working capital. Its official site describes cr",,
agrofy,Agrofy,Digital AgTech & Agrifintech,enabler,0.67,"[""saas_marketplace"", ""ag_inputs"", ""carbon_tech""]",,"Argentine agribusiness marketplace and digital ecosystem connecting producers, manufacturers, suppliers, agfintech and media across Latin America",,
frizata,Frizata,Food Systems & Alt Proteins,applied,0.526,"[""formulation"", ""ai_ml""]",ai-data,"Frizata is an Argentine company producing a direct-to-consumer line of flexitarian frozen meals, vegetables, and appetizers sold across Argentina, Chile, and Brazil. Its portfolio centers on meatless ",,
rnatech-ar,RNAtech,Food Systems & Alt Proteins,applied,0.526,[],"Serkanto-AI, dietary RNA extraction, bioactive ingredients, functional food, AI-guided ingredient discovery","Kresko RNAtech (Rosario) extracts bioactive dietary RNA from bovine milk, herbs, and mushrooms using its AI-powered Serkanto platform to create functional ingredients for sleep, stress, and beauty sup",,
nude,Nude,Food Systems & Alt Proteins,applied,0.532,"[""formulation""]",,"Brazilian foodtech that develops plant-based foods and beverages based on oats, with a focus on lower environmental impact and carbon footprint transparency. Enter through biobased food transition and",,
wayakit,Wayakit,Food Systems & Alt Proteins,applied,0.532,"[""biomaterials""]",biomaterials,Biotech company developing antiviral and antibacterial hygiene product formulations targeting SARS-CoV-2 and other pathogens. Creates bio-based antimicrobial products for consumer and institutional ma,,
kigui,Kigüi,Food Systems & Alt Proteins,applied,0.538,"[""ai_ml""]",ai-data,"AI platform for retail that detects expirations, shortages and promotional execution to reduce waste and improve rotation in food and mass consumption. It remains inside as an edge case of material ef",,
laurus_ag_tech,Laurus AG Tech,Food Systems & Alt Proteins,applied,0.538,"[""ai_ml""]",ai-data,"Laurus AG Tech is an urban-farming startup building decentralized autonomous farms that produce fresh vegetables close to consumers. Its public profile describes low-CAPEX, low-OPEX systems deployed i",,
glycox,GlycoX,Food Systems & Alt Proteins,applied,0.544,"[""formulation"", ""ai_ml""]",ai-data,Functional ingredients startup that converts plant-based compounds into everyday metabolic care for glycemic control and metabolic resilience. Metabolic health functional ingredient platform. Technolo,,
food-for-the-future-cl,Food for the Future,Food Systems & Alt Proteins,applied,0.556,[],"black soldier fly, protein extraction, oil extraction, biostimulant production, HACCP-certified processing","Uses black soldier fly bioconversion to transform organic food waste into insect-based protein and biostimulants for aquaculture, poultry, and pet food, addressing food waste and the high environmenta",,
kresko_rnatech,Kresko RNAtech,Food Systems & Alt Proteins,applied,0.568,[],,Food biotech startup that isolates bioactive RNAs from fresh foods and stabilizes them in functional extracts. Enter the thesis for food biotech and novel ingredients.,,
pink-farms,Pink Farms,Food Systems & Alt Proteins,applied,0.568,"[""vertical_farming"", ""ai_ml""]",ai-data,Brazilian urban vertical farming startup to produce fresh leaves close to consumption with less use of resources. It clearly comes in through biobased food systems.,,
moolec,Moolec,Food Systems & Alt Proteins,applied,0.568,[],,"Develops affordable alternative proteins through molecular farming technology, engineering crop plants to produce animal proteins at agricultural scale. Listed company advancing plant-made proteins fo",,
activaq,ActivaQ,Food Systems & Alt Proteins,applied,0.568,"[""ag_inputs""]",bioinputs,"Biotechnology company developing next-generation biotherapeutics for the veterinary industry, particularly aquaculture. Creates biological treatments to improve animal health and productivity in fish ",,
ictiobiotic,Ictiobiotic,Food Systems & Alt Proteins,applied,0.568,"[""ag_inputs""]",bioinputs,"Develops oral biotherapeutics and probiotic products to enhance the immune system of farmed fish, enabling sustainable aquaculture without antibiotics. Advances fish health through microbiome-based so",,
cellva,Cellva,Food Systems & Alt Proteins,applied,0.586,[],,"Functional ingredients startup that uses proprietary microencapsulation to improve stability, bioavailability and functionality of food ingredients, including algal omega-3s. Enter the thesis for food",,
the-live-green-co-cl,The Live Green Co,Food Systems & Alt Proteins,applied,0.586,[],,"Uses its proprietary Charaka AI engine to identify 100% natural plant-based replacements for animal-derived, synthetic, and highly processed food additives, enabling CPG companies to reformulate produ",,
algenis-cl,Algenis,Food Systems & Alt Proteins,applied,0.586,[],,"Produces and clinically develops sodium channel-blocking bioactive molecules from marine microalgae targeting pain management, muscle relaxation, and neurological conditions. Lead compound is in FDA P",,
ecosea,EcoSea,Food Systems & Alt Proteins,applied,0.586,[],,Develops sustainable aquaculture systems producing high-quality protein where conventional aquaculture is not viable. Advances next-generation fish and seafood farming to meet growing global protein d,,
micro_meat,Micro Meat,Food Systems & Alt Proteins,applied,0.586,[],,"Develops cellular agriculture technology to scale culture-based clean meat production. Grows muscle tissue from animal cells without slaughter, advancing sustainable protein for human consumption.",,
novalact,Novalact,Food Systems & Alt Proteins,applied,0.586,"[""ag_inputs""]",bioinputs,Develops probiotic-based solutions for animal health and agriculture. Advances microbiome science for sustainable farming and livestock management applications.,,
pow_foods,POW! Foods,Food Systems & Alt Proteins,applied,0.586,[],,Food-biotech startup developing plant-based meat substitutes to shift global food systems toward sustainability. Creates high-protein meat alternatives using food biotechnology and formulation science,,
progal,Progal,Food Systems & Alt Proteins,applied,0.586,[],,Develops alimentary additives from biodiversity-derived active compounds to strengthen immune systems in humans and animals. Produces bioactive food ingredients with functional health benefits.,,
bioblends,BioBlends,Food Systems & Alt Proteins,applied,0.604,[],,Food-biotech startup that develops natural gaseous bio-preservatives to control fungi and extend the shelf life of foods without chemical additives. Enter the thesis for food biotech and novel ingredi,,
cell_farm,Cell Farm,Food Systems & Alt Proteins,applied,0.604,"[""ai_ml""]",ai-data,"Food biotech startup that builds production infrastructure for cultured meat, with a focus on modular scaling and on-demand manufacturing. It enters the thesis due to its direct coupling to cellular a",,
feedvax,Feedvax,Food Systems & Alt Proteins,applied,0.604,"[""iot"", ""ai_ml""]",ai-data,Animal biotech startup that develops oral vaccines for fish to reduce operational stress and avoid antibiotics in aquaculture. Enter the thesis for ag biologicals and crop resilience.,,
microterra,MicroTerra,Food Systems & Alt Proteins,applied,0.604,[],,Plant-based functional ingredients startup that grows lemna in aquifarms to produce food ingredients while cleaning water and reducing water footprint. Enter the thesis for food biotech and novel ingr,,
bruna-by-altum-lab-cl,Bruna by Altum Lab,Food Systems & Alt Proteins,applied,0.604,[],,"Deploys AI models that predict raw material quality hours ahead, optimize blending recipes for non-homogeneous inputs like fishmeal, and forecast equipment failures, stabilizing production for salmon ",,
savefruit-mx,SaveFruit,Food Systems & Alt Proteins,applied,0.604,[],,"Applies post-harvest nanotechnology coatings inside produce containers that extend fruit and vegetable shelf life by up to 130% during export transit, offering growers and exporters a natural, residue",,
kran-nanobubble-cl,Kran Nanobubble,Food Systems & Alt Proteins,applied,0.604,[],,Chilean startup using nanobubble technology to save water and energy in agriculture and aquaculture. Active in 10+ countries with US offices opening 2024. Backed by Endeavor and ClimaTech guild.,,
luyef-biotechnologies-cl,Luyef Biotechnologies,Food Systems & Alt Proteins,applied,0.604,[],,Developing nutrients for cell-cultivated meat using precision fermentation and agro by-products. Producing bovine myoglobin-based ingredients. $1.25M in grants (GFI + CORFO). Closing $4M seed round.,,
nutrition-from-water-cl,Nutrition from Water,Food Systems & Alt Proteins,applied,0.604,[],,Chilean company producing microalgae-based protein as a sustainable drop-in replacement for whey protein in food and nutraceutical applications. Portfolio company of Savia Ventures.,,
moondo,Moondo,Food Systems & Alt Proteins,applied,0.604,[],,Brazilian cellular agriculture company using tissue engineering to develop cultivated meat and cultivated leather. Applies cell culture technology to produce animal products without slaughter.,,
bialtec,Bialtec,Food Systems & Alt Proteins,applied,0.604,"[""ag_inputs""]",bioinputs,Biotechnology company making sustainable animal nutrition profitable through intestinal microbiology expertise. Develops microbiome-based nutritional solutions to improve livestock health and feed eff,,
gricha,Gricha,Food Systems & Alt Proteins,applied,0.604,[],,Produces sustainable insect-based functional food products including cookies and snacks made from grasshopper protein. Addresses protein sustainability by mainstreaming entomophagy through appetizing ,,
ergo_bioscience,Ergo Bioscience,Food Systems & Alt Proteins,applied,0.622,"[""biomanufacturing"", ""saas_marketplace"", ""ai_ml""]",ai-data; biomanufacturing,"Biotech startup that uses plant cell culture to develop sustainable ingredients and proteins for food, health, beauty and agriculture. Enter the thesis for food biotech and novel ingredients.",,
nocarbon_milk,NoCarbon Milk,Food Systems & Alt Proteins,applied,0.622,[],,"Brazilian organic dairy brand produced by Guaraci Agropastoril and positioned as Brazil's first carbon-neutral organic fresh milk. Its model combines organic dairy production, animal-welfare certifica",,
atarraya-mx,Atarraya,Food Systems & Alt Proteins,applied,0.622,[],,"Manufactures Shrimpbox, a 40-foot containerized AI-automated shrimp farm using zero-discharge biofloc technology that grows up to 1.5 metric tons of antibiotic-free shrimp per unit annually, enabling ",,
domolif,Domolif,Food Systems & Alt Proteins,applied,0.622,[],,"Applies biotechnology to industrial processes, circular economy, and climate change mitigation. Develops bio-based solutions for sustainable industry transformation.",,
viobact-cl,VioBact,Food Systems & Alt Proteins,applied,0.622,[],,,,
mycoseaweed-cl,MycoSeaweed,Food Systems & Alt Proteins,applied,0.622,[],,,,
infood-protein-cl,Infood Protein,Food Systems & Alt Proteins,applied,0.622,[],,,,
ecombio-cl,Ecombio,Food Systems & Alt Proteins,applied,0.622,[],,,,
koji-co,Koji,Food Systems & Alt Proteins,applied,0.622,[],,,,
Bee Technology,Bee Technology,Food Systems & Alt Proteins,applied,0.622,[],,,,
protera-bio-cl,Protera Bio,Food Systems & Alt Proteins,applied,0.622,[],,,,
biofresh-br,BioFresh,Food Systems & Alt Proteins,applied,0.622,[],,,,
fermentlab-br,FermentLab,Food Systems & Alt Proteins,applied,0.622,[],,,,
cellculture-br,CellCulture,Food Systems & Alt Proteins,applied,0.622,[],,,,
salmoss-biotech-cl,SALMOSS Biotech,Food Systems & Alt Proteins,applied,0.622,[],,,,
aquabio-cl,AquaBio,Food Systems & Alt Proteins,applied,0.622,[],,,,
biomar-cr,BioMar,Food Systems & Alt Proteins,applied,0.622,[],,,,
devalor-cl,DeValor,Food Systems & Alt Proteins,applied,0.622,[],,,,
recirculab-cl,ReCircuLab,Food Systems & Alt Proteins,applied,0.622,[],,,,
cellva-ingredients-br,Cellva Ingredients,Food Systems & Alt Proteins,applied,0.622,[],,,,
consiste-br,Consiste,Food Systems & Alt Proteins,applied,0.622,[],,,,
recombine-biotech-br,Recombine Biotech,Food Systems & Alt Proteins,applied,0.622,[],,,,
eatcloud-co,EatCloud,Food Systems & Alt Proteins,applied,0.622,[],,,,
alecrim-biotech-br,Alecrim Biotech,Food Systems & Alt Proteins,applied,0.622,[],,,,
nutrissis-biotech-br,Nutrissis Biotech,Food Systems & Alt Proteins,applied,0.622,[],,,,
cellmeat-brasil-br,Cellmeat Brasil,Food Systems & Alt Proteins,applied,0.622,[],,,,
myvac-bioproducts-br,Myvac Bioproducts,Food Systems & Alt Proteins,applied,0.622,[],,,,
tierra-de-monte-mx,Tierra de Monte,Food Systems & Alt Proteins,applied,0.622,[],,,,
plantverd-mx,PlantVerd,Food Systems & Alt Proteins,applied,0.622,[],,,,
biolife-innovations-bo,BioLife Innovations,Food Systems & Alt Proteins,applied,0.622,[],,,,
fermentlabs-co,FermentLabs,Food Systems & Alt Proteins,applied,0.622,[],,,,
naturannova,Naturannova,Food Systems & Alt Proteins,deep,0.624,"[""ai_ml"", ""bioinformatics""]",ai-data,"Foodtech startup that uses AI, bioinformatics and microorganisms to discover and produce natural and sustainable protein ingredients, including sweet proteins.",,
biotic,Biotic,Food Systems & Alt Proteins,deep,0.624,"[""water_tech""]",remediation,Develops bacterial-based dioxin biosensors and biotechnological alternatives for environmental monitoring and remediation. Uses living microbial systems to detect and reduce toxic environmental contam,,
algaebio,algaebio+,Food Systems & Alt Proteins,deep,0.636,"[""biomanufacturing""]",biomanufacturing,"Biobased startup that produces natural astaxanthin from microalgae for aquaculture, nutraceuticals, functional foods and cosmetics. Enter the thesis for food biotech and novel ingredients.",,
innovai,Innovai,Food Systems & Alt Proteins,deep,0.636,"[""green_chem"", ""ai_ml""]",ai-data,Chilean foodtech startup that applies bioactive compounds to salmon fillets to extend their shelf life and reduce cold chain losses. It clearly enters through food biotech.,,
nanofreeze,Nanofreeze,Food Systems & Alt Proteins,deep,0.636,"[""biomaterials""]",biomaterials,"Develops a novel bio-nano compound that enables natural refrigeration, freezing water at up to 4°C. Applies bio-inspired nanotechnology to sustainable cold chain and food preservation solutions.",,
ergo_foods,Ergo Foods,Food Systems & Alt Proteins,deep,0.648,"[""iot"", ""synbio"", ""ai_ml""]",ai-data,"Plant cell biotechnology company that develops new generation ingredients, recombinant proteins and breeding tools from plant cells. Enter the thesis for food biotech and novel ingredients.",,
agrourbana,Agrourbana,Food Systems & Alt Proteins,enabler,0.655,"[""vertical_farming"", ""blockchain"", ""ai_ml""]",ai-data,Chilean vertical-farming company producing fresh leafy vegetables locally in controlled indoor hydroponic environments. Its Carmelo OS operating system manages climate and nutrition to grow pesticide-,,
ages_bioactive,Ages Bioactive,Food Systems & Alt Proteins,deep,0.656,"[""therapeutics""]",therapeutics,"Develops bioactive compounds targeting musculoskeletal health to prevent aging-related decline in bones, muscles, and joints. Offers science-backed nutraceutical solutions to extend healthy lifespan.",,
ymmunobio,Ymmunobio,Food Systems & Alt Proteins,deep,0.656,"[""therapeutics""]",therapeutics,"Developing IgY-based oral immunotherapy for infectious diseases, focused on reducing antibiotic resistance. Advances avian antibody technology as an alternative to conventional antibiotics.",,
eternal_mycofood,Eternal Mycofood,Food Systems & Alt Proteins,deep,0.668,"[""ai_ml"", ""fermentation""]",ai-data; fermentation,"Produces animal-free fungal-based food products with high nutritional protein value, using AI and computer vision to optimize fermentation. Targets accessible alternative protein for mass consumption.",,
carbonext,Carbonext,Nature & Ecosystem Tech,applied,0.55,"[""carbon_tech"", ""saas_marketplace"", ""ai_ml""]",ai-data; carbon-mrv,"Brazilian nature-based solutions and forest carbon company developing REDD+, conservation, carbon-credit and emissions services across Brazilian biomes",,
courageous_land,Courageous Land,Nature & Ecosystem Tech,applied,0.55,"[""ai_ml"", ""carbon_tech""]",ai-data; carbon-mrv,"Courageous Land is a Brazil-based regenerative agroforestry company scaling reforestation, conservation and climate-positive production through biodiverse tropical agroforestry systems. Its platform c",,
gigablue,Gigablue,Nature & Ecosystem Tech,applied,0.55,"[""ai_ml"", ""carbon_tech""]",ai-data; carbon-mrv,"Ocean carbon removal startup that combines marine science, biogeochemistry, monitoring and oceanographic intelligence platforms to remove carbon and restore ocean balance. It enters the thesis due to ",,
lemu,Lemu,Nature & Ecosystem Tech,applied,0.55,"[""remote_sensing"", ""ai_ml"", ""carbon_tech""]",ai-data; carbon-mrv; remote-sensing,"Lemu is a Chilean nature-intelligence startup building Atlas, a biodiversity and nature-MRV platform that measures and manages nature-related impact using ecological indicators, satellite imagery, AI ",,
nideport,Nideport,Nature & Ecosystem Tech,applied,0.55,"[""carbon_tech"", ""ai_ml""]",ai-data; carbon-mrv,"Nideport is a nature-based solutions and carbon-credit company focused on ecosystem restoration, biodiversity conservation and carbon-credit generation. Public material describes restoration of natura",,
re_green,re.green,Nature & Ecosystem Tech,applied,0.55,"[""carbon_tech"", ""ai_ml""]",ai-data; carbon-mrv,"Brazilian forest restoration company restoring tropical forests at scale using native species, spatial analysis, biodiversity co-benefits and high-quality carbon credits",,
satellogic,Satellogic,Nature & Ecosystem Tech,applied,0.55,"[""remote_sensing"", ""ai_ml""]",ai-data; remote-sensing,"Satellogic operates an Earth-observation platform that provides high-frequency satellite imagery for environmental conservation, restoration, wildfire assessment, climate monitoring and natural-resour",,
ruuts,Ruuts,Nature & Ecosystem Tech,applied,0.568,"[""ai_ml""]",ai-data,"Ruuts is a regenerative-agriculture platform creating market incentives tied to measurable ecological outcomes such as soil carbon, biodiversity, water-cycle restoration and productive transition for ",,
mombak,Mombak,Nature & Ecosystem Tech,applied,0.58,"[""ai_ml""]",ai-data,"Brazilian nature-based carbon removal company focused on large-scale native, biodiverse reforestation",,
moss,Moss,Nature & Ecosystem Tech,applied,0.58,"[""carbon_tech"", ""saas_marketplace""]",carbon-mrv,"Brazilian climate/nature-finance company in SP Ventures' portfolio, relevant as carbon-market and nature-finance infrastructure",,
tracestory,Tracestory,Nature & Ecosystem Tech,applied,0.58,"[""blockchain"", ""ai_ml"", ""carbon_tech""]",ai-data; carbon-mrv,Collaborative traceability infrastructure and digital product passport for agri-food and industrial chains. Enter the thesis for transparency and MRV applied to material chains.,,
treevia-br,Treevia,Nature & Ecosystem Tech,applied,0.58,"[""iot"", ""ai_ml"", ""remote_sensing""]","IoT forest sensors, machine learning, SmartForest system, carbon quantification, forest inventory, remote sensing",Connects forests to the internet using IoT sensors for more sustainable use of natural resources including carbon certification and forest monitoring.,,
earth-ocean-farms-mx,Earth Ocean Farms,Nature & Ecosystem Tech,applied,0.592,[],,"Farms endangered totoaba, red snapper, and oysters in 350-hectare open-sea marine concessions in the Sea of Cortez using regenerative aquaculture, releasing 210,000+ juvenile totoaba to rebuild wild p",,
biodiversity_intelligence,Biodiversity Intelligence,Nature & Ecosystem Tech,applied,0.598,"[""ai_ml"", ""remote_sensing""]",ai-data; remote-sensing,Biodiversity Intelligence is a nature-measurement and reporting startup that combines environmental DNA and satellite technology to monitor biodiversity and generate decision-grade nature intelligence,,
innova_space,Innova Space,Nature & Ecosystem Tech,applied,0.598,"[""remote_sensing"", ""ai_ml"", ""iot""]",ai-data; iot; remote-sensing,"Innova Space deploys picosatellites and satellite-IoT connectivity for remote monitoring applications, including environmental sensing, water-quality monitoring, agriculture, maritime activity and rem",,
satellites_on_fire,Satellites on Fire,Nature & Ecosystem Tech,applied,0.598,"[""remote_sensing"", ""ai_ml""]",ai-data; remote-sensing,"Satellites on Fire develops early wildfire detection and smart monitoring systems that combine satellites, cameras, proprietary AI models and alert workflows. It is not bio-based, but it is directly b",,
huiro,Huiro,Nature & Ecosystem Tech,applied,0.61,[],,"Chilean startup that develops a collaborative model of regenerative algae cultivation to restore marine ecosystems, capture carbon and activate circular coastal economies. It enters the thesis for its",,
biomas,Biomas,Nature & Ecosystem Tech,deep,0.62,"[""carbon_tech""]",carbon-mrv,"Brazilian large-scale ecological restoration business restoring degraded ecosystems through native tree planting and generating carbon, biodiversity and community co-benefits",,
branch_energy,Branch Energy,Nature & Ecosystem Tech,deep,0.62,"[""clean_energy"", ""ai_ml""]",ai-data,"Branch Energy deploys clean-energy and energy-management infrastructure, including on-site batteries and data analytics, to reduce customer energy costs, increase resilience and lower carbon emissions",,
logshare,LogShare,Nature & Ecosystem Tech,enabler,0.62,"[""carbon_tech"", ""blockchain"", ""ai_ml""]",ai-data,"LogShare is a Brazilian collaborative logistics platform that matches freight capacity, return routes and shipper demand to reduce empty trips, transport costs and avoidable emissions. Its system adds",,
solfium,Solfium,Nature & Ecosystem Tech,deep,0.62,"[""clean_energy"", ""ai_ml""]",ai-data,"Solfium provides solar energy, storage and e-mobility solutions for homes, companies, industrial clients and corporate value chains, with an explicit model for decarbonization. It is not bio-based, bu",,
splight,Splight,Nature & Ecosystem Tech,deep,0.62,"[""clean_energy"", ""ai_ml""]",ai-data,"Splight is a climate-tech company using AI to optimize electric grids, renewable-energy forecasting, DERMS, congestion management and grid resilience. It is outside narrow bio-based technology, but fi",,
um_grau_e_meio,Um Grau e Meio,Nature & Ecosystem Tech,deep,0.62,"[""ai_ml"", ""water_tech""]",ai-data; remediation,"Brazilian B Corp deploying AI, high-resolution cameras and rapid-alert workflows to detect wildfire spots in seconds across forests, native vegetation, the Amazon and Pantanal",,
waterplan,Waterplan,Nature & Ecosystem Tech,enabler,0.62,"[""ai_ml""]",ai-data,"Waterplan is an Argentina/US water-risk and stewardship platform helping water-dependent companies measure, report and respond to site-level water risks using AI and local environmental data. It is no",,
odd_industries,Odd Industries,Nature & Ecosystem Tech,deep,0.62,"[""ai_ml"", ""remote_sensing"", ""carbon_tech""]",ai-data; remote-sensing; carbon-mrv,Builds a satellite and AI-powered atlas of the biosphere to monitor ecosystems and help reverse environmental crises. Provides earth observation data and analytics for conservation and carbon monitori,,
hif-global-cl,HIF Global,Nature & Ecosystem Tech,deep,0.632,"[""clean_energy""]","renewable electrolysis, CO₂ capture, e-fuel synthesis, green hydrogen","Produces carbon-neutral e-fuels by combining green hydrogen via renewable electrolysis with captured CO2 to synthesize drop-in synthetic fuels compatible with existing engines, targeting decarbonizati",,
notfossil,NotFossil,Nature & Ecosystem Tech,deep,0.644,"[""water_tech"", ""ai_ml""]",ai-data; remediation,NotFossil develops biofilters that use proprietary microorganisms to degrade hydrocarbons. The company is a clear biological remediation case: it applies microbial metabolism to reduce fossil contamin,,
kilimo,Kilimo,Nature & Ecosystem Tech,enabler,0.655,"[""saas_marketplace"", ""ai_ml""]",ai-data,"Kilimo is a Latin American water-positive agriculture and climate platform connecting companies, farmers, NGOs and public-sector actors to improve irrigation efficiency and watershed security. Its wor",,
nativas,Nativas,Nature & Ecosystem Tech,enabler,0.655,"[""remote_sensing"", ""blockchain"", ""ai_ml""]",ai-data; remote-sensing,"Argentine regenerative agriculture and nature-finance platform that combines satellite technology, ecological models and blockchain evidence to value ecosystem services and issue environmental assets",,
produzindo-certo,Produzindo Certo,Nature & Ecosystem Tech,enabler,0.655,"[""blockchain"", ""ai_ml""]",ai-data,"Brazilian platform for transparency, traceability and socio-environmental compliance for agro-industrial chains. It enters through material infrastructure of governance and verification of real agricu",,
agrojusto,Agrojusto,Nature & Ecosystem Tech,enabler,0.67,"[""blockchain"", ""ai_ml""]",ai-data,"Agrojusto is an Argentine digital infrastructure platform for small producers, local food systems and territorial value chains. Its tools support traceability, producer digitization, market access and",,
ecotrace-br,Ecotrace,Nature & Ecosystem Tech,enabler,0.67,"[""blockchain"", ""iot"", ""ai_ml""]","blockchain, IoT sensors, computer vision, AI/ML, supply chain traceability, commodity tracking",Environmental traceability platform for agribusiness supply chains ensuring compliance and sustainability certification. Selected for World Agri-tech 2024.,,
tech,@Tech,Precision Agriculture,applied,0.538,"[""ai_ml"", ""iot""]",ai-data; iot,"Agtech startup that uses AI, data science and IoT to optimize animal protein production and trace animals along the chain. It enters the thesis for its biocentric and material coupling to living anima",,
dymaxion_labs,Dymaxion Labs,Precision Agriculture,applied,0.538,"[""ai_ml""]",ai-data,"Agtech startup that uses AI, data science and computer vision to scale agronomic processes, field trials and regional decisions in agriculture. Enter the thesis for precision agriculture and resource ",,
precision_ag,Precision Ag,Precision Agriculture,applied,0.538,"[""remote_sensing""]",remote-sensing,Precision Ag is a Brazilian precision-agriculture services company providing outsourced crop spraying and field operations with agricultural drones in Rio Grande do Sul. Its services cover liquid and ,,
smartbreeder,SmartBreeder,Precision Agriculture,applied,0.538,"[""ai_ml""]",ai-data,"Brazilian agtech that uses AI and agronomic analytics to improve agricultural management, increase productivity and reduce waste. Enter precision agriculture intelligence.",,
spaceag,SpaceAG,Precision Agriculture,applied,0.538,"[""remote_sensing"", ""ai_ml""]",ai-data; remote-sensing,"Peruvian agtech for high-value crops that integrates satellite images, drones and field workflows to provide agronomic insights throughout the season. Enter clearly through precision agriculture intel",,
zoomagri,ZoomAgri,Precision Agriculture,applied,0.538,"[""ai_ml""]",ai-data,"Agtech startup that digitizes inspection, testing and certification of agricultural and food commodities through computer vision and machine learning. Enter the thesis for precision agriculture and re",,
agronow-br,Agronow,Precision Agriculture,applied,0.538,[],,"Agronow combines satellite imagery with proprietary AI to deliver farm-level crop monitoring every three days, projecting yields and harvest timing with 90%+ accuracy. Backed by BTG Pactual; used for ",,
instacrops-cl,Instacrops,Precision Agriculture,applied,0.55,[],,"Integrates IoT field sensors, satellite imagery, and weather data into an AI platform monitoring 80+ agronomic parameters and delivering real-time irrigation and nutrition recommendations, cutting wat",,
wiseconn-cl,Wiseconn,Precision Agriculture,applied,0.55,[],,"Provides the DropControl irrigation management platform with wireless in-field sensors and cloud software enabling farmers to remotely schedule, monitor, and automate irrigation, targeting water effic",,
strider-br,Strider,Precision Agriculture,applied,0.55,[],,Big data platform for pest and disease monitoring in crops using georeferenced data allowing targeted phytosanitary management. Backed by Monashees Capital and Qualcomm Ventures.,,
digifarmz-br,DigiFarmz,Precision Agriculture,applied,0.55,[],,Brazilian AI-powered agronomic decision platform combining climate data soil research genetics and field data to provide smart crop recommendations for farmers and agronomists.,,
farmbox-br,Farmbox,Precision Agriculture,applied,0.55,[],,"Brazilian agronomy management platform for planning, monitoring and optimizing agricultural operations. Provides digital field books, agronomic prescriptions, satellite-based crop scouting and complia",,
rumina,Rumina,Precision Agriculture,applied,0.556,"[""ai_ml""]",ai-data,"Rúmina provides technology and intelligence for dairy farming in Brazil and Latin America, supporting producers to become more productive and sustainable. It belongs inside the broad BIO universe as l",,
horus_aeronaves,Horus Aeronaves,Precision Agriculture,applied,0.562,"[""remote_sensing"", ""iot"", ""ai_ml"", ""biomanufacturing""]",ai-data; biomanufacturing; iot; remote-sensing,"Horus Aeronaves is a Brazilian drone and aerial-mapping company developing UAVs, sensors and image-processing products for agriculture. Public investment coverage describes its focus on mapping farmla",,
isobar-br,Isobar,Precision Agriculture,applied,0.568,[],,"Brazilian precision agriculture analytics platform for coffee and sugarcane producers, providing crop monitoring, satellite imagery, IoT sensor integration and decision-support tools to optimize yield",,
voa,Voa,Precision Agriculture,applied,0.574,"[""ai_ml"", ""remote_sensing"", ""ag_inputs""]",ai-data; bioinputs; remote-sensing,"Voa is a Brazilian precision-agriculture company operating drone fleets and analytics services for field monitoring and precise application of biological agents, agrochemicals and nutrients. Its value",,
inspectral-br,Inspectral,Precision Agriculture,applied,0.58,[],,"Inspectral fuses multispectral and hyperspectral satellite/drone imagery with AI and bio-optical modeling to monitor water quality, detect macrophytes and fires, and identify early crop disease. Clien",,
cowmed-br,CowMed,Precision Agriculture,applied,0.58,[],,"CowMed provides AI-powered wearable collar sensors and environmental monitors for Brazilian dairy herds, delivering real-time estrus detection, early disease alerts, per-animal meal-frequency tracking",,
codebreaker-bioscience-cl,Codebreaker Bioscience,Precision Agriculture,applied,0.58,[],,,,
inkus-biotech-cl,Inkus Biotech,Precision Agriculture,applied,0.58,[],,,,
green-xpo-lab-cr,Green Xpo Lab,Precision Agriculture,applied,0.58,[],,,,
aquabyte-cl,Aquabyte,Precision Agriculture,applied,0.58,[],,,,
agro-logica-co,Agro-Logica,Precision Agriculture,applied,0.58,[],,,,
fieldfactors-mx,FieldFactors,Precision Agriculture,applied,0.58,[],,,,
swebol-biotech-bo,Swebol Biotech,Precision Agriculture,applied,0.58,[],,,,
agritech-bolivia-bo,AgriTech Bolivia,Precision Agriculture,applied,0.58,[],,,,
dimitra-bolivia-operations-bo,Dimitra (Bolivia operations),Precision Agriculture,applied,0.58,[],,,,
agrobit-bolivia-operations-bo,Agrobit (Bolivia operations),Precision Agriculture,applied,0.58,[],,,,
innovatech-bo,Innovatech,Precision Agriculture,applied,0.58,[],,,,
silicochem-ec,SilicoChem,Precision Agriculture,applied,0.58,[],,,,
agroscan-ec,Agroscan,Precision Agriculture,applied,0.58,[],,,,
minerba-ec,MinerBA,Precision Agriculture,applied,0.58,[],,,,
digital-twin-corporation-cr,Digital Twin Corporation,Precision Agriculture,applied,0.58,[],,,,
magic-green-cr,Magic Green,Precision Agriculture,applied,0.58,[],,,,
geanext-cr,GeaNext,Precision Agriculture,applied,0.58,[],,,,
lilliput-technologies-cr,Lilliput Technologies,Precision Agriculture,applied,0.58,[],,,,
quipu-cr,Quipu,Precision Agriculture,applied,0.58,[],,,,
wseeds-co,WSeeds,Precision Agriculture,applied,0.58,[],,,,
agrocontrol-gt,Agrocontrol,Precision Agriculture,applied,0.58,[],,,,
lilliput-technologies-ltd-cr,Lilliput Technologies Ltd.,Precision Agriculture,applied,0.58,[],,,,
agroguia-ve,Agroguía,Precision Agriculture,applied,0.58,[],,,,
bontix-do,Bontix,Precision Agriculture,applied,0.58,[],,,,
agricultic-do,Agricultic,Precision Agriculture,applied,0.58,[],,,,
agro360-do,Agro360,Precision Agriculture,applied,0.58,[],,,,
tbit,TBIT,Precision Agriculture,enabler,0.62,"[""ai_ml""]",ai-data,"TBIT is a Brazilian agtech replacing manual seed and grain analysis with digital image processing and AI. The technology supports objective quality evaluation for seed companies, grain handlers and ag",,
the-earth-says,The Earth Says,Precision Agriculture,enabler,0.62,"[""ai_ml"", ""iot"", ""ag_inputs""]",ai-data; bioinputs; iot,The Earth Says is a Chilean agtech using AI-based monitoring of hives and pollination conditions to improve crop yields and optimize pollination services. Its public profile describes sensors and AI m,,
calice,Calice,Precision Agriculture,applied,0.622,"[""computational_bio"", ""ai_ml""]",ai-data,"Calice is an Argentine agtech platform that models interactions between genotype, environment and management to run virtual agronomic trials and predict product performance. Its environmental fingerpr",,
eiwa,Eiwa,Precision Agriculture,enabler,0.63,"[""ai_ml"", ""remote_sensing""]",ai-data; remote-sensing,"Agtech platform to integrate, standardize and analyze agronomic data at scale in research, market development and production. Enter the thesis for precision agriculture and resource intelligence.",,
sensix,Sensix,Precision Agriculture,enabler,0.63,"[""remote_sensing"", ""ai_ml""]",ai-data; remote-sensing,"Sensix is a Brazilian decision-agriculture platform that combines remote sensing, soil data, productivity maps, climate information and AI to turn field data into crop-management decisions. Its produc",,
sima,Sima,Precision Agriculture,enabler,0.63,"[""ai_ml""]",ai-data,"Smart agriculture platform for crop monitoring, geolocation of data and generation of work orders in the field. Enter the thesis for precision agriculture and resource intelligence.",,
tarvos-br,Tarvos,Precision Agriculture,enabler,0.645,"[""ai_ml"", ""remote_sensing""]","computer vision, automated traps, biostatistical modeling, satellite data, pest identification AI","Tarvos deploys AI-powered automated traps using computer vision to identify agricultural insect pests in real time. Monitors Spodoptera caterpillars in soybean, corn, and cotton; pilot across 50,000 h",,
agrosmart,Agrosmart,Precision Agriculture,enabler,0.655,"[""ai_ml""]",ai-data,"Agrosmart is a Brazilian climate-smart agriculture platform providing climate, agronomic, irrigation and ESG intelligence for producers and agrifood corporations. Its products include BoosterAGRO for ",,
cellertz-bio-br,Cellertz Bio,Therapeutics,applied,0.532,[],,"Cellertz Bio builds a generative biology platform combining single-cell ML, deep learning molecule synthesis (CodonScope), and cell therapy engineering to develop data-driven cancer biotherapeutics ta",,
naiad-drug-design-br,NAIAD Drug Design,Therapeutics,applied,0.532,[],,NAIAD Drug Design applies deep learning and structure-based virtual screening to discover small-molecule GPCR modulators. STYX platform predicts biased signaling pathways across billions of candidate ,,
inprenha,Inprenha,Therapeutics,applied,0.544,"[""iot"", ""ai_ml""]",ai-data,Brazilian animal-reproduction biotechnology company developing a protein-based technology intended to increase pregnancy rates in mammals. The available source is still a fund portfolio signal rather ,,
quantis-br,Quantis,Therapeutics,deep,0.62,[],,"Quantis biofabricates QMatrix, a human extracellular matrix lyophilized powder from 3D-bioprinted living tissue with no animal-derived components. Products target wound healing, cartilage regeneration",,
cells-for-cells-cl,Cells for Cells,Therapeutics,deep,0.62,[],,Develops cell therapies and tissue-engineered solutions for chronic diseases including knee osteoarthritis treatment and exosome production. $45.1M raised.,,
xeptiva-therapeutics-uy,Xeptiva Therapeutics,Therapeutics,deep,0.62,[],,,,
innmetec-co,Innmetec,Therapeutics,deep,0.62,[],,,,
biiosmart-co,BIIOSMART,Therapeutics,deep,0.62,[],,,,
ascribe-bio-br,Ascribe Bio,Therapeutics,deep,0.62,[],,,,
bioproducts-co,BioProducts,Therapeutics,deep,0.62,[],,,,
oncoprecision-ar,OncoPrecision,Therapeutics,deep,0.62,[],,,,
tissue-nova-mx,Tissue Nova,Therapeutics,deep,0.62,[],,,,
global-nano-additives-mx,Global Nano Additives,Therapeutics,deep,0.62,[],,,,
forma-foods-mx,Forma Foods,Therapeutics,deep,0.62,[],,,,
scintia-mx,Scintia,Therapeutics,deep,0.62,[],,,,
krtl-biotech-bolivia-expansion-bo,KRTL Biotech (Bolivia expansion),Therapeutics,deep,0.62,[],,,,
ecocycle-biotech-ec,Ecocycle Biotech,Therapeutics,deep,0.62,[],,,,
biohack-uio-ec,BioHack UIO,Therapeutics,deep,0.62,[],,,,
biogenesis-bago-ec,Biogenesis Bago,Therapeutics,deep,0.62,[],,,,
magenta-biolabs-cr,Magenta Biolabs,Therapeutics,deep,0.62,[],,,,
biotech-cr,BioTech,Therapeutics,deep,0.62,[],,,,
autem-therapeutics-br,Autem Therapeutics,Therapeutics,deep,0.632,[],,"Autem Therapeutics' AutEMsys device delivers personalized amplitude-modulated electromagnetic frequencies to resynchronize cancer-cell metabolism in solid tumors including HCC. Non-invasive, FDA Break",,
webio-ar,WeBio,Therapeutics,deep,0.632,[],,WeBio (Buenos Aires) builds extrusion-based bioprinters and formulates custom bioinks to print human tissue models — cartilage and bone substitutes — enabling pharma companies to replace animal models,,
mirscience-therapeutics-br,MiRscience Therapeutics,Therapeutics,deep,0.632,[],,Develops oligonucleotide molecules (miRNA/siRNA) targeting muscle and metabolic diseases including cachexia sarcopenia and aging-associated conditions. Green Rock portfolio.,,
amnova-biotech-cl,Amnova Biotech,Therapeutics,deep,0.632,[],,Developing an injectable bioactive hydrogel derived from human birth tissue to regenerate cardiac muscle damaged by myocardial infarction. Cell-free biomaterial promotes vascularization and restores c,,
aptah-bio-br,Aptah Bio,Therapeutics,deep,0.636,[],,"Aptah Bio's RNA WiCo platform simultaneously corrects genome-wide RNA processing errors, eliminating multiple faulty mRNAs and toxic proteins in one compound. Lead asset APT20TTMG targets Alzheimer's;",,
mabloc,Mabloc,Therapeutics,deep,0.64,ai;_antibody_discovery;_generative_ai;_computational_biology,ai-data; therapeutics,,,
peptidus-biotech-br,Peptidus Biotech,Therapeutics,deep,0.644,[],,"Peptidus Biotech uses generative AI to design bioactive peptides for veterinary and human therapeutics. Lead candidate MastPep targets bovine mastitis via TLR6 activation, eliminating antibiotic resid",,
vyro-bio-br,Vyro Bio,Therapeutics,deep,0.644,[],,"Vyro Bio re-engineers the Zika virus into an oncolytic therapeutic targeting pediatric brain cancers, leveraging Zika's natural neurotropism against gliomas. Mechanism published in Molecular Therapy (",,
nintx-br,Nintx,Therapeutics,deep,0.644,[],,"Nintx leverages GAIApath (medicinal plant-to-human-target knowledge graph) and xGIbiomics (simulated GI microbiome) to discover plant-derived drugs. Pipeline: 7 pharma candidates for Alzheimer’s, meta",,
andes-biotechnologies-cl,Andes Biotechnologies,Therapeutics,deep,0.644,[],,Develops antisense oligonucleotide drugs targeting non-coding mitochondrial RNAs selectively upregulated in cancer cells. Lead candidate Andes-1537 completed Phase 1a trials in advanced solid tumors; ,,
inmunova-ar,Inmunova,Therapeutics,deep,0.644,[],,Argentine immunotherapy company founded by Fundación Instituto Leloir scientists. Developing biologics for rare infectious diseases including hemolytic uremic syndrome (Phase III AR+EU) and hantavirus,,
biosidus-ar,Biosidus,Therapeutics,deep,0.656,[],,Argentine biopharmaceutical company with 40+ years developing biosimilar monoclonal antibodies and biologic drugs. Two industrial manufacturing plants.,,
merken-biotech-cl,Merken Biotech,Therapeutics,deep,0.668,[],,"Chilean CRO offering full-stack R&D services across molecular biology, cell-based assays, microbiology, and pharmacokinetics to biotech and pharma clients developing bioactive compounds for health and",,
